Workbook
Name EQUIPLIST: 'EQUIPMENT REGISTER'!$B$7:$B$21
Name MECHLIST: 'SETUP & TARGETS'!$B$40:$B$43

Sheet DASHBOARD
B2: RCPM GGV PLANT OPTIMIZATION PLANNER
B87: Fleet utilisation | E87: Fleet availability | H87: Machines on target | K87: Total actual hours | N87: Total delay hours
B88: ='FLEET SUMMARY'!H12 -> 0.22616487 | E88: ='FLEET SUMMARY'!J12 -> 0.62740741 | H88: =COUNTIF('FLEET SUMMARY'!M7:M11,"ON TARGET") -> 0 | K88: ='FLEET SUMMARY'!E12 -> 631 | N88: ='FLEET SUMMARY'!K12+'FLEET SUMMARY'!L12 -> 723

Sheet INFO - MECHANICAL
B2: HOW THE MECHANICAL MODULE WORKS
B3: Exxaro Grootegeluk | PLANT OPTIMIZATION
C5: What the module answers
C7: Are the GG mechanics being effectively utilised, are they executing planned maintenance and repairs within the expected time, and is their performance improving equipment availability and returning equipment to production?
C8: The chain
C10: MECHANIC > SHIFT > EQUIPMENT > ACTIVITY > TIME SPENT > PLANNED TIME > RESULT > AVAILABILITY AND UTILISATION. Every dashboard KPI can be traced back down that chain to a single line on the MAINTENANCE LOG.
C11: Where you capture
C13: • MECHANIC ROSTER - shift letter (D, N or O) and hours on site, per mechanic per day.
C14: • EQUIPMENT REGISTER - location, project, status, breakdown reason, last inspection, last service and next service date, for every machine including parked ones.
C15: • MAINTENANCE LOG - one line per job: machine, activity, mechanic, assistant, breakdown and repair times, planned hours, ETR, actual completion, return to service and status.
C16: • AVAILABILITY (rental block) - planned, other downtime and operating hours for the machines that have no daily machine tab.
C17: Where you do not capture
C19: The DASHBOARD, MECHANIC PERFORMANCE and the summary blocks are calculated. Nothing is typed there, so no one can enter a figure that misrepresents performance.
C20: How the measures are built
... C32: Run down the DATA QUALITY CHECK tab. Every line there should read OK.
D38: GG MECHANICAL TEAM, EQUIPMENT & MAINTENANCE
D39: Read only - every figure is calculated from the MECHANIC ROSTER, the EQUIPMENT REGISTER and the MAINTENANCE LOG
D41: A. WORKFORCE
D42: Mechanics scheduled | G42: Mechanics present | J42: Hours on site | M42: Productive hours | P42: Labour utilisation
D43: =COUNTA('SETUP & TARGETS'!$B$40:$B$43) -> 4 | G43: =COUNTIF('MECHANIC PERFORMANCE'!E7:E10,">0") -> 0 | J43: ='MECHANIC PERFORMANCE'!E11 -> 0 | M43: ='MECHANIC PERFORMANCE'!G11 -> 264 | P43: ='MECHANIC PERFORMANCE'!H11 -> 0
D45: B. EQUIPMENT
D46: Equipment on register | G46: Active | J46: Inactive | M46: Available | P46: Unavailable
D47: ='EQUIPMENT REGISTER'!C24 -> 0 | G47: ='EQUIPMENT REGISTER'!C25 -> 0 | J47: ='EQUIPMENT REGISTER'!C26 -> 0 | M47: ='EQUIPMENT REGISTER'!C27 -> 0 | P47: ='EQUIPMENT REGISTER'!C28 -> 0
D48: Prod fleet availability | G48: Prod fleet utilisation | J48: Rental availability | M48: Rental utilisation | P48: Machines with open jobs
D49: ='FLEET SUMMARY'!J12 -> 0.62740741 | G49: ='FLEET SUMMARY'!H12 -> 0.22616487 | J49: =AVAILABILITY!J22 -> 0 | M49: =AVAILABILITY!M22 -> 0 | P49: =COUNTIF('EQUIPMENT REGISTER'!T7:T21,">0") -> 1
D51: C. MAINTENANCE
D52: Open breakdowns | G52: Completed repairs | J52: Planned maint completed | M52: Overdue maintenance | P52: Maintenance backlog
D53: ='MECHANIC PERFORMANCE'!C63 -> 1 | G53: ='MECHANIC PERFORMANCE'!C64 -> 0 | J53: ='MECHANIC PERFORMANCE'!C65 -> 0 | M53: ='EQUIPMENT REGISTER'!C29 -> 0 | P53: ='EQUIPMENT REGISTER'!C31 -> 0
D55: D. MECHANICAL EFFECTIVENESS
D56: MTTR (hrs) | G56: Planned repair hrs | J56: Actual repair hrs | M56: Avg repair variance (hrs) | P56: ETR compliance
D57: ='MECHANIC PERFORMANCE'!C69 -> 0 | G57: ='MECHANIC PERFORMANCE'!C66 -> 6 | J57: ='MECHANIC PERFORMANCE'!C67 -> 132 | M57: ='MECHANIC PERFORMANCE'!C68 -> 0 | P57: ='MECHANIC PERFORMANCE'!C72 -> 1
D58: Jobs completed on time | G58: Jobs overdue | J58: Repeat breakdowns | M58: Returned to production | P58: Machines flagged red
D59: ='MECHANIC PERFORMANCE'!C70 -> 1 | G59: ='MECHANIC PERFORMANCE'!C71 -> 0 | J59: ='MECHANIC PERFORMANCE'!C73 -> 0 | M59: ='MECHANIC PERFORMANCE'!C74 -> 0 | P59: =COUNTIF('EQUIPMENT REGISTER'!V7:V21,"RED") -> 3

Sheet FLEET SUMMARY
B2: FLEET SUMMARY
B3: Exxaro Grootegeluk | PLANT OPTIMIZATION
B4: All figures calculated from the machine tabs. Nothing is captured on this sheet.
B6: EQUIP | C6: MACHINE TYPE | D6: PLANNED HRS | E6: ACTUAL HRS | F6: HRS GAP | G6: UTIL TARGET | H6: ACTUAL UTIL | I6: AVAIL TARGET | J6: ACTUAL AVAIL | K6: OPS DELAY HRS | L6: B/DOWN HRS | M6: STATUS
B7: CRT220 | C7: CAT 773 RDT | D7: ='CRT220'!K38 -> 558 | E7: ='CRT220'!F38 -> 0 | F7: =E7-D7 -> -558 | G7: ='SETUP & TARGETS'!$C11 -> 0.8 | H7: =IFERROR(E7/D7,0) -> 0 | I7: ='SETUP & TARGETS'!$C12 -> 0.85 | J7: ='CRT220'!O38 -> 0 | K7: ='CRT220'!H38 -> 0 | L7: ='CRT220'!I38 -> 270 | M7: =IF(H7>=G7,"ON TARGET",IF(H7>='SETUP & TARGETS'!$C13,"NEAR TARGET","BELOW TARGET")) -> BELOW TARGET
B8: CRT221 | C8: CAT 773 RDT | D8: ='CRT221'!K38 -> 558 | E8: ='CRT221'!F38 -> 164 | F8: =E8-D8 -> -394 | G8: ='SETUP & TARGETS'!$C11 -> 0.8 | H8: =IFERROR(E8/D8,0) -> 0.29390681 | I8: ='SETUP & TARGETS'!$C12 -> 0.85 | J8: ='CRT221'!O38 -> 0.71481481 | K8: ='CRT221'!H38 -> 29 | L8: ='CRT221'!I38 -> 77 | M8: =IF(H8>=G8,"ON TARGET",IF(H8>='SETUP & TARGETS'!$C13,"NEAR TARGET","BELOW TARGET")) -> BELOW TARGET
B9: CRT222 | C9: CAT 773 RDT | D9: ='CRT222'!K38 -> 558 | E9: ='CRT222'!F38 -> 113 | F9: =E9-D9 -> -445 | G9: ='SETUP & TARGETS'!$C11 -> 0.8 | H9: =IFERROR(E9/D9,0) -> 0.20250896 | I9: ='SETUP & TARGETS'!$C12 -> 0.85 | J9: ='CRT222'!O38 -> 0.46296296 | K9: ='CRT222'!H38 -> 13 | L9: ='CRT222'!I38 -> 145 | M9: =IF(H9>=G9,"ON TARGET",IF(H9>='SETUP & TARGETS'!$C13,"NEAR TARGET","BELOW TARGET")) -> BELOW TARGET
B10: CRT224 | C10: CAT 395 Excavator | D10: ='CRT224'!K38 -> 558 | E10: ='CRT224'!F38 -> 231 | F10: =E10-D10 -> -327 | G10: ='SETUP & TARGETS'!$C11 -> 0.8 | H10: =IFERROR(E10/D10,0) -> 0.41397849 | I10: ='SETUP & TARGETS'!$C12 -> 0.85 | J10: ='CRT224'!O38 -> 0.95925926 | K10: ='CRT224'!H38 -> 35 | L10: ='CRT224'!I38 -> 11 | M10: =IF(H10>=G10,"ON TARGET",IF(H10>='SETUP & TARGETS'!$C13,"NEAR TARGET","BELOW TARGET")) -> BELOW TARGET
B11: CRT225 | C11: CAT D9 Dozer | D11: ='CRT225'!K38 -> 558 | E11: ='CRT225'!F38 -> 123 | F11: =E11-D11 -> -435 | G11: ='SETUP & TARGETS'!$C11 -> 0.8 | H11: =IFERROR(E11/D11,0) -> 0.22043011 | I11: ='SETUP & TARGETS'!$C12 -> 0.85 | J11: ='CRT225'!O38 -> 1 | K11: ='CRT225'!H38 -> 143 | L11: ='CRT225'!I38 -> 0 | M11: =IF(H11>=G11,"ON TARGET",IF(H11>='SETUP & TARGETS'!$C13,"NEAR TARGET","BELOW TARGET")) -> BELOW TARGET
B12: FLEET TOTAL | D12: =SUM(D7:D11) -> 2790 | E12: =SUM(E7:E11) -> 631 | F12: =SUM(F7:F11) -> -2159 | G12: ='SETUP & TARGETS'!$C11 -> 0.8 | H12: =IFERROR(E12/D12,0) -> 0.22616487 | I12: ='SETUP & TARGETS'!$C12 -> 0.85 | J12: =IFERROR(AVERAGE(J7:J11),0) -> 0.62740741 | K12: =SUM(K7:K11) -> 220 | L12: =SUM(L7:L11) -> 503
B14: CHART DATA - do not edit
B15: EQUIP | C15: ACHIEVED | D15: SHORTFALL | E15: AVAIL ACHIEVED | F15: AVAIL SHORTFALL
B16: =B7 -> CRT220 | C16: =MIN(1,H7) -> 0 | D16: =MAX(0,1-H7) -> 1 | E16: =MIN(1,J7) -> 0 | F16: =MAX(0,1-J7) -> 1
B17: =B8 -> CRT221 | C17: =MIN(1,H8) -> 0.29390681 | D17: =MAX(0,1-H8) -> 0.70609319 | E17: =MIN(1,J8) -> 0.71481481 | F17: =MAX(0,1-J8) -> 0.28518519
B18: =B9 -> CRT222 | C18: =MIN(1,H9) -> 0.20250896 | D18: =MAX(0,1-H9) -> 0.79749104 | E18: =MIN(1,J9) -> 0.46296296 | F18: =MAX(0,1-J9) -> 0.53703704
B19: =B10 -> CRT224 | C19: =MIN(1,H10) -> 0.41397849 | D19: =MAX(0,1-H10) -> 0.58602151 | E19: =MIN(1,J10) -> 0.95925926 | F19: =MAX(0,1-J10) -> 0.040740741
B20: =B11 -> CRT225 | C20: =MIN(1,H11) -> 0.22043011 | D20: =MAX(0,1-H11) -> 0.77956989 | E20: =MIN(1,J11) -> 1 | F20: =MAX(0,1-J11) -> 0
B22: CUMULATIVE FLEET TREND - do not edit
B23: DAY | C23: CUM TARGET | D23: CUM ACTUAL
B24: 1 | C24: ='CRT220'!K7+'CRT221'!K7+'CRT222'!K7+'CRT224'!K7+'CRT225'!K7 -> 90 | D24: ='CRT220'!L7+'CRT221'!L7+'CRT222'!L7+'CRT224'!L7+'CRT225'!L7 -> 35
B25: 2 | C25: ='CRT220'!K8+'CRT221'!K8+'CRT222'!K8+'CRT224'!K8+'CRT225'!K8 -> 180 | D25: ='CRT220'!L8+'CRT221'!L8+'CRT222'!L8+'CRT224'!L8+'CRT225'!L8 -> 70
B26: 3 | C26: ='CRT220'!K9+'CRT221'!K9+'CRT222'!K9+'CRT224'!K9+'CRT225'!K9 -> 270 | D26: ='CRT220'!L9+'CRT221'!L9+'CRT222'!L9+'CRT224'!L9+'CRT225'!L9 -> 103
B27: 4 | C27: ='CRT220'!K10+'CRT221'!K10+'CRT222'!K10+'CRT224'!K10+'CRT225'!K10 -> 360 | D27: ='CRT220'!L10+'CRT221'!L10+'CRT222'!L10+'CRT224'!L10+'CRT225'!L10 -> 129
B28: 5 | C28: ='CRT220'!K11+'CRT221'!K11+'CRT222'!K11+'CRT224'!K11+'CRT225'!K11 -> 450 | D28: ='CRT220'!L11+'CRT221'!L11+'CRT222'!L11+'CRT224'!L11+'CRT225'!L11 -> 185
B29: 6 | C29: ='CRT220'!K12+'CRT221'!K12+'CRT222'!K12+'CRT224'!K12+'CRT225'!K12 -> 540 | D29: ='CRT220'!L12+'CRT221'!L12+'CRT222'!L12+'CRT224'!L12+'CRT225'!L12 -> 214
B30: 7 | C30: ='CRT220'!K13+'CRT221'!K13+'CRT222'!K13+'CRT224'!K13+'CRT225'!K13 -> 630 | D30: ='CRT220'!L13+'CRT221'!L13+'CRT222'!L13+'CRT224'!L13+'CRT225'!L13 -> 245
B31: 8 | C31: ='CRT220'!K14+'CRT221'!K14+'CRT222'!K14+'CRT224'!K14+'CRT225'!K14 -> 720 | D31: ='CRT220'!L14+'CRT221'!L14+'CRT222'!L14+'CRT224'!L14+'CRT225'!L14 -> 277
B32: 9 | C32: ='CRT220'!K15+'CRT221'!K15+'CRT222'!K15+'CRT224'!K15+'CRT225'!K15 -> 810 | D32: ='CRT220'!L15+'CRT221'!L15+'CRT222'!L15+'CRT224'!L15+'CRT225'!L15 -> 330
B33: 10 | C33: ='CRT220'!K16+'CRT221'!K16+'CRT222'!K16+'CRT224'!K16+'CRT225'!K16 -> 900 | D33: ='CRT220'!L16+'CRT221'!L16+'CRT222'!L16+'CRT224'!L16+'CRT225'!L16 -> 365
B34: 11 | C34: ='CRT220'!K17+'CRT221'!K17+'CRT222'!K17+'CRT224'!K17+'CRT225'!K17 -> 990 | D34: ='CRT220'!L17+'CRT221'!L17+'CRT222'!L17+'CRT224'!L17+'CRT225'!L17 -> 410
B35: 12 | C35: ='CRT220'!K18+'CRT221'!K18+'CRT222'!K18+'CRT224'!K18+'CRT225'!K18 -> 1080 | D35: ='CRT220'!L18+'CRT221'!L18+'CRT222'!L18+'CRT224'!L18+'CRT225'!L18 -> 453
... B54: 31 | C54: ='CRT220'!K37+'CRT221'!K37+'CRT222'!K37+'CRT224'!K37+'CRT225'!K37 -> 2790 | D54: ='CRT220'!L37+'CRT221'!L37+'CRT222'!L37+'CRT224'!L37+'CRT225'!L37 -> 631

Sheet MECHANIC PERFORMANCE
B2: MECHANIC PRODUCTIVITY & EFFECTIVENESS
B3: Exxaro Grootegeluk | PLANT OPTIMIZATION
B4: Effectiveness is measured on execution of planned work and the return of equipment to production - not on attendance and not on the absence of breakdowns. Every figure on this sheet is calculated from the MECHANIC ROSTER and the MAINTENANCE LOG.
B6: MECHANIC | C6: POSITION | D6: SCHED HRS | E6: HRS ON SITE | F6: ATTEND % | G6: PRODUCTIVE HRS | H6: LABOUR UTIL % | I6: JOBS ASSIGNED | J6: JOBS COMPLETED | K6: PLANNED REPAIR HRS | L6: ACTUAL REPAIR HRS | M6: VARIANCE HRS | N6: MTTR (HRS) | O6: ETR MET | P6: ETR COMPLIANCE % | Q6: JOBS OVERDUE | R6: EQUIP RETURNED TO PRODUCTION | S6: REPEAT B/DOWNS | T6: RAG
B7: ='SETUP & TARGETS'!$B$40 -> Lindokuhle Ntombela | C7: ='SETUP & TARGETS'!$C$40 -> Mechanic / Acting Team Leader | D7: ='MECHANIC ROSTER'!D39 -> 0 | E7: ='MECHANIC ROSTER'!E39 -> 0 | F7: =IFERROR($E7/$D7,0) -> 0 | G7: ='MECHANIC ROSTER'!F39 -> 132 | H7: =IFERROR($G7/$E7,0) -> 0 | I7: =COUNTIF('MAINTENANCE LOG'!$J$8:$J$107,$B7)+COUNTIF('MAINTENANCE LOG'!$K$8:$K$107,$B7) -> 1 | J7: =COUNTIFS('MAINTENANCE LOG'!$J$8:$J$107,$B7,'MAINTENANCE LOG'!$Z$8:$Z$107,"Completed") -> 0 | K7: =SUMIFS('MAINTENANCE LOG'!$O$8:$O$107,'MAINTENANCE LOG'!$J$8:$J$107,$B7) -> 6 | L7: =SUMIFS('MAINTENANCE LOG'!$R$8:$R$107,'MAINTENANCE LOG'!$J$8:$J$107,$B7) -> 132 | M7: =$L7-$K7 -> 126 | N7: =IFERROR(SUMIFS('MAINTENANCE LOG'!$R$8:$R$107,'MAINTENANCE LOG'!$J$8:$J$107,$B7,'MAINTENANCE LOG'!$Z$8:$Z$107,"Completed")/COUNTIFS('MAINTENANCE LOG'!$J$8:$J$107,$B7,'MAINTENANCE LOG'!$Z$8:$Z$107,"Completed"),0) -> 0 | O7: =COUNTIFS('MAINTENANCE LOG'!$J$8:$J$107,$B7,'MAINTENANCE LOG'!$U$8:$U$107,"MET") -> 1 | P7: =IFERROR($O7/$J7,0) -> 0 | Q7: =COUNTIFS('MAINTENANCE LOG'!$J$8:$J$107,$B7,'MAINTENANCE LOG'!$U$8:$U$107,"MISSED")+COUNTIFS('MAINTENANCE LOG'!$J$8:$J$107,$B7,'MAINTENANCE LOG'!$U$8:$U$107,"OVERDUE") -> 0 | R7: =COUNTIFS('MAINTENANCE LOG'!$J$8:$J$107,$B7,'MAINTENANCE LOG'!$X$8:$X$107,"Y") -> 0 | S7: =COUNTIFS('MAINTENANCE LOG'!$J$8:$J$107,$B7,'MAINTENANCE LOG'!$AA$8:$AA$107,"REPEAT") -> 0 | T7: =IF($I7=0,"",IF($J7=0,IF($H7>='SETUP & TARGETS'!$C$29,"GREEN","AMBER"),IF(OR($P7<'SETUP & TARGETS'!$C$30*0.8,$Q7>0),"RED",IF(AND($H7>='SETUP & TARGETS'!$C$29,$P7>='SETUP & TARGETS'!$C$30),"GREEN","AMBER")))) -> AMBER
B8: ='SETUP & TARGETS'!$B$41 -> Motlalepula Molefe | C8: ='SETUP & TARGETS'!$C$41 -> Mechanic | D8: ='MECHANIC ROSTER'!H39 -> 0 | E8: ='MECHANIC ROSTER'!I39 -> 0 | F8: =IFERROR($E8/$D8,0) -> 0 | G8: ='MECHANIC ROSTER'!J39 -> 0 | H8: =IFERROR($G8/$E8,0) -> 0 | I8: =COUNTIF('MAINTENANCE LOG'!$J$8:$J$107,$B8)+COUNTIF('MAINTENANCE LOG'!$K$8:$K$107,$B8) -> 0 | J8: =COUNTIFS('MAINTENANCE LOG'!$J$8:$J$107,$B8,'MAINTENANCE LOG'!$Z$8:$Z$107,"Completed") -> 0 | K8: =SUMIFS('MAINTENANCE LOG'!$O$8:$O$107,'MAINTENANCE LOG'!$J$8:$J$107,$B8) -> 0 | L8: =SUMIFS('MAINTENANCE LOG'!$R$8:$R$107,'MAINTENANCE LOG'!$J$8:$J$107,$B8) -> 0 | M8: =$L8-$K8 -> 0 | N8: =IFERROR(SUMIFS('MAINTENANCE LOG'!$R$8:$R$107,'MAINTENANCE LOG'!$J$8:$J$107,$B8,'MAINTENANCE LOG'!$Z$8:$Z$107,"Completed")/COUNTIFS('MAINTENANCE LOG'!$J$8:$J$107,$B8,'MAINTENANCE LOG'!$Z$8:$Z$107,"Completed"),0) -> 0 | O8: =COUNTIFS('MAINTENANCE LOG'!$J$8:$J$107,$B8,'MAINTENANCE LOG'!$U$8:$U$107,"MET") -> 0 | P8: =IFERROR($O8/$J8,0) -> 0 | Q8: =COUNTIFS('MAINTENANCE LOG'!$J$8:$J$107,$B8,'MAINTENANCE LOG'!$U$8:$U$107,"MISSED")+COUNTIFS('MAINTENANCE LOG'!$J$8:$J$107,$B8,'MAINTENANCE LOG'!$U$8:$U$107,"OVERDUE") -> 0 | R8: =COUNTIFS('MAINTENANCE LOG'!$J$8:$J$107,$B8,'MAINTENANCE LOG'!$X$8:$X$107,"Y") -> 0 | S8: =COUNTIFS('MAINTENANCE LOG'!$J$8:$J$107,$B8,'MAINTENANCE LOG'!$AA$8:$AA$107,"REPEAT") -> 0 | T8: =IF($I8=0,"",IF($J8=0,IF($H8>='SETUP & TARGETS'!$C$29,"GREEN","AMBER"),IF(OR($P8<'SETUP & TARGETS'!$C$30*0.8,$Q8>0),"RED",IF(AND($H8>='SETUP & TARGETS'!$C$29,$P8>='SETUP & TARGETS'!$C$30),"GREEN","AMBER"))))
B9: ='SETUP & TARGETS'!$B$42 -> Thabo Monyane | C9: ='SETUP & TARGETS'!$C$42 -> Mechanic | D9: ='MECHANIC ROSTER'!L39 -> 0 | E9: ='MECHANIC ROSTER'!M39 -> 0 | F9: =IFERROR($E9/$D9,0) -> 0 | G9: ='MECHANIC ROSTER'!N39 -> 132 | H9: =IFERROR($G9/$E9,0) -> 0 | I9: =COUNTIF('MAINTENANCE LOG'!$J$8:$J$107,$B9)+COUNTIF('MAINTENANCE LOG'!$K$8:$K$107,$B9) -> 1 | J9: =COUNTIFS('MAINTENANCE LOG'!$J$8:$J$107,$B9,'MAINTENANCE LOG'!$Z$8:$Z$107,"Completed") -> 0 | K9: =SUMIFS('MAINTENANCE LOG'!$O$8:$O$107,'MAINTENANCE LOG'!$J$8:$J$107,$B9) -> 0 | L9: =SUMIFS('MAINTENANCE LOG'!$R$8:$R$107,'MAINTENANCE LOG'!$J$8:$J$107,$B9) -> 0 | M9: =$L9-$K9 -> 0 | N9: =IFERROR(SUMIFS('MAINTENANCE LOG'!$R$8:$R$107,'MAINTENANCE LOG'!$J$8:$J$107,$B9,'MAINTENANCE LOG'!$Z$8:$Z$107,"Completed")/COUNTIFS('MAINTENANCE LOG'!$J$8:$J$107,$B9,'MAINTENANCE LOG'!$Z$8:$Z$107,"Completed"),0) -> 0 | O9: =COUNTIFS('MAINTENANCE LOG'!$J$8:$J$107,$B9,'MAINTENANCE LOG'!$U$8:$U$107,"MET") -> 0 | P9: =IFERROR($O9/$J9,0) -> 0 | Q9: =COUNTIFS('MAINTENANCE LOG'!$J$8:$J$107,$B9,'MAINTENANCE LOG'!$U$8:$U$107,"MISSED")+COUNTIFS('MAINTENANCE LOG'!$J$8:$J$107,$B9,'MAINTENANCE LOG'!$U$8:$U$107,"OVERDUE") -> 0 | R9: =COUNTIFS('MAINTENANCE LOG'!$J$8:$J$107,$B9,'MAINTENANCE LOG'!$X$8:$X$107,"Y") -> 0 | S9: =COUNTIFS('MAINTENANCE LOG'!$J$8:$J$107,$B9,'MAINTENANCE LOG'!$AA$8:$AA$107,"REPEAT") -> 0 | T9: =IF($I9=0,"",IF($J9=0,IF($H9>='SETUP & TARGETS'!$C$29,"GREEN","AMBER"),IF(OR($P9<'SETUP & TARGETS'!$C$30*0.8,$Q9>0),"RED",IF(AND($H9>='SETUP & TARGETS'!$C$29,$P9>='SETUP & TARGETS'!$C$30),"GREEN","AMBER")))) -> AMBER
B10: ='SETUP & TARGETS'!$B$43 -> Tshepang Maepa | C10: ='SETUP & TARGETS'!$C$43 -> Assistant Mechanic | D10: ='MECHANIC ROSTER'!P39 -> 0 | E10: ='MECHANIC ROSTER'!Q39 -> 0 | F10: =IFERROR($E10/$D10,0) -> 0 | G10: ='MECHANIC ROSTER'!R39 -> 0 | H10: =IFERROR($G10/$E10,0) -> 0 | I10: =COUNTIF('MAINTENANCE LOG'!$J$8:$J$107,$B10)+COUNTIF('MAINTENANCE LOG'!$K$8:$K$107,$B10) -> 0 | J10: =COUNTIFS('MAINTENANCE LOG'!$J$8:$J$107,$B10,'MAINTENANCE LOG'!$Z$8:$Z$107,"Completed") -> 0 | K10: =SUMIFS('MAINTENANCE LOG'!$O$8:$O$107,'MAINTENANCE LOG'!$J$8:$J$107,$B10) -> 0 | L10: =SUMIFS('MAINTENANCE LOG'!$R$8:$R$107,'MAINTENANCE LOG'!$J$8:$J$107,$B10) -> 0 | M10: =$L10-$K10 -> 0 | N10: =IFERROR(SUMIFS('MAINTENANCE LOG'!$R$8:$R$107,'MAINTENANCE LOG'!$J$8:$J$107,$B10,'MAINTENANCE LOG'!$Z$8:$Z$107,"Completed")/COUNTIFS('MAINTENANCE LOG'!$J$8:$J$107,$B10,'MAINTENANCE LOG'!$Z$8:$Z$107,"Completed"),0) -> 0 | O10: =COUNTIFS('MAINTENANCE LOG'!$J$8:$J$107,$B10,'MAINTENANCE LOG'!$U$8:$U$107,"MET") -> 0 | P10: =IFERROR($O10/$J10,0) -> 0 | Q10: =COUNTIFS('MAINTENANCE LOG'!$J$8:$J$107,$B10,'MAINTENANCE LOG'!$U$8:$U$107,"MISSED")+COUNTIFS('MAINTENANCE LOG'!$J$8:$J$107,$B10,'MAINTENANCE LOG'!$U$8:$U$107,"OVERDUE") -> 0 | R10: =COUNTIFS('MAINTENANCE LOG'!$J$8:$J$107,$B10,'MAINTENANCE LOG'!$X$8:$X$107,"Y") -> 0 | S10: =COUNTIFS('MAINTENANCE LOG'!$J$8:$J$107,$B10,'MAINTENANCE LOG'!$AA$8:$AA$107,"REPEAT") -> 0 | T10: =IF($I10=0,"",IF($J10=0,IF($H10>='SETUP & TARGETS'!$C$29,"GREEN","AMBER"),IF(OR($P10<'SETUP & TARGETS'!$C$30*0.8,$Q10>0),"RED",IF(AND($H10>='SETUP & TARGETS'!$C$29,$P10>='SETUP & TARGETS'!$C$30),"GREEN","AMBER"))))
B11: TEAM TOTAL | D11: =SUM(D7:D10) -> 0 | E11: =SUM(E7:E10) -> 0 | F11: =IFERROR($E11/$D11,0) -> 0 | G11: =SUM(G7:G10) -> 264 | H11: =IFERROR($G11/$E11,0) -> 0 | I11: =SUM(I7:I10) -> 2 | J11: =SUM(J7:J10) -> 0 | K11: =SUM(K7:K10) -> 6 | L11: =SUM(L7:L10) -> 132 | M11: =SUM(M7:M10) -> 126 | N11: =IFERROR($L11/$J11,0) -> 0 | O11: =SUM(O7:O10) -> 1 | P11: =IFERROR($O11/$J11,0) -> 0 | Q11: =SUM(Q7:Q10) -> 0 | R11: =SUM(R7:R10) -> 0 | S11: =SUM(S7:S10) -> 0
B13: MTTR BY EQUIPMENT
B14: EQUIP | C14: EQUIPMENT TYPE | D14: COMPLETED REPAIRS | E14: TOTAL REPAIR HRS | F14: MTTR (HRS) | G14: PLANNED HRS | H14: VARIANCE HRS | I14: REPEAT B/DOWNS
B15: ='EQUIPMENT REGISTER'!$B$7 -> CRT220 | C15: ='EQUIPMENT REGISTER'!$C$7 -> CAT 773 RDT | D15: =IF($B15="","",COUNTIFS('MAINTENANCE LOG'!$C$8:$C$107,$B15,'MAINTENANCE LOG'!$Z$8:$Z$107,"Completed")) -> 0 | E15: =IF($B15="","",SUMIFS('MAINTENANCE LOG'!$R$8:$R$107,'MAINTENANCE LOG'!$C$8:$C$107,$B15,'MAINTENANCE LOG'!$Z$8:$Z$107,"Completed")) -> 0 | F15: =IF($B15="","",IFERROR($E15/$D15,0)) -> 0 | G15: =IF($B15="","",SUMIFS('MAINTENANCE LOG'!$O$8:$O$107,'MAINTENANCE LOG'!$C$8:$C$107,$B15)) -> 6 | H15: =IF($B15="","",$E15-$G15) -> -6 | I15: =IF($B15="","",COUNTIFS('MAINTENANCE LOG'!$C$8:$C$107,$B15,'MAINTENANCE LOG'!$AA$8:$AA$107,"REPEAT")) -> 0
B16: ='EQUIPMENT REGISTER'!$B$8 -> CRT221 | C16: ='EQUIPMENT REGISTER'!$C$8 -> CAT 773 RDT | D16: =IF($B16="","",COUNTIFS('MAINTENANCE LOG'!$C$8:$C$107,$B16,'MAINTENANCE LOG'!$Z$8:$Z$107,"Completed")) -> 0 | E16: =IF($B16="","",SUMIFS('MAINTENANCE LOG'!$R$8:$R$107,'MAINTENANCE LOG'!$C$8:$C$107,$B16,'MAINTENANCE LOG'!$Z$8:$Z$107,"Completed")) -> 0 | F16: =IF($B16="","",IFERROR($E16/$D16,0)) -> 0 | G16: =IF($B16="","",SUMIFS('MAINTENANCE LOG'!$O$8:$O$107,'MAINTENANCE LOG'!$C$8:$C$107,$B16)) -> 0 | H16: =IF($B16="","",$E16-$G16) -> 0 | I16: =IF($B16="","",COUNTIFS('MAINTENANCE LOG'!$C$8:$C$107,$B16,'MAINTENANCE LOG'!$AA$8:$AA$107,"REPEAT")) -> 0
B17: ='EQUIPMENT REGISTER'!$B$9 -> CRT222 | C17: ='EQUIPMENT REGISTER'!$C$9 -> CAT 773 RDT | D17: =IF($B17="","",COUNTIFS('MAINTENANCE LOG'!$C$8:$C$107,$B17,'MAINTENANCE LOG'!$Z$8:$Z$107,"Completed")) -> 0 | E17: =IF($B17="","",SUMIFS('MAINTENANCE LOG'!$R$8:$R$107,'MAINTENANCE LOG'!$C$8:$C$107,$B17,'MAINTENANCE LOG'!$Z$8:$Z$107,"Completed")) -> 0 | F17: =IF($B17="","",IFERROR($E17/$D17,0)) -> 0 | G17: =IF($B17="","",SUMIFS('MAINTENANCE LOG'!$O$8:$O$107,'MAINTENANCE LOG'!$C$8:$C$107,$B17)) -> 0 | H17: =IF($B17="","",$E17-$G17) -> 0 | I17: =IF($B17="","",COUNTIFS('MAINTENANCE LOG'!$C$8:$C$107,$B17,'MAINTENANCE LOG'!$AA$8:$AA$107,"REPEAT")) -> 0
B18: ='EQUIPMENT REGISTER'!$B$10 -> CRT224 | C18: ='EQUIPMENT REGISTER'!$C$10 -> CAT 395 Excavator | D18: =IF($B18="","",COUNTIFS('MAINTENANCE LOG'!$C$8:$C$107,$B18,'MAINTENANCE LOG'!$Z$8:$Z$107,"Completed")) -> 0 | E18: =IF($B18="","",SUMIFS('MAINTENANCE LOG'!$R$8:$R$107,'MAINTENANCE LOG'!$C$8:$C$107,$B18,'MAINTENANCE LOG'!$Z$8:$Z$107,"Completed")) -> 0 | F18: =IF($B18="","",IFERROR($E18/$D18,0)) -> 0 | G18: =IF($B18="","",SUMIFS('MAINTENANCE LOG'!$O$8:$O$107,'MAINTENANCE LOG'!$C$8:$C$107,$B18)) -> 0 | H18: =IF($B18="","",$E18-$G18) -> 0 | I18: =IF($B18="","",COUNTIFS('MAINTENANCE LOG'!$C$8:$C$107,$B18,'MAINTENANCE LOG'!$AA$8:$AA$107,"REPEAT")) -> 0
B19: ='EQUIPMENT REGISTER'!$B$11 -> CRT225 | C19: ='EQUIPMENT REGISTER'!$C$11 -> CAT D9 Dozer | D19: =IF($B19="","",COUNTIFS('MAINTENANCE LOG'!$C$8:$C$107,$B19,'MAINTENANCE LOG'!$Z$8:$Z$107,"Completed")) -> 0 | E19: =IF($B19="","",SUMIFS('MAINTENANCE LOG'!$R$8:$R$107,'MAINTENANCE LOG'!$C$8:$C$107,$B19,'MAINTENANCE LOG'!$Z$8:$Z$107,"Completed")) -> 0 | F19: =IF($B19="","",IFERROR($E19/$D19,0)) -> 0 | G19: =IF($B19="","",SUMIFS('MAINTENANCE LOG'!$O$8:$O$107,'MAINTENANCE LOG'!$C$8:$C$107,$B19)) -> 0 | H19: =IF($B19="","",$E19-$G19) -> 0 | I19: =IF($B19="","",COUNTIFS('MAINTENANCE LOG'!$C$8:$C$107,$B19,'MAINTENANCE LOG'!$AA$8:$AA$107,"REPEAT")) -> 0
B20: ='EQUIPMENT REGISTER'!$B$12 -> RCPM008 | C20: ='EQUIPMENT REGISTER'!$C$12 -> Grader | D20: =IF($B20="","",COUNTIFS('MAINTENANCE LOG'!$C$8:$C$107,$B20,'MAINTENANCE LOG'!$Z$8:$Z$107,"Completed")) -> 0 | E20: =IF($B20="","",SUMIFS('MAINTENANCE LOG'!$R$8:$R$107,'MAINTENANCE LOG'!$C$8:$C$107,$B20,'MAINTENANCE LOG'!$Z$8:$Z$107,"Completed")) -> 0 | F20: =IF($B20="","",IFERROR($E20/$D20,0)) -> 0 | G20: =IF($B20="","",SUMIFS('MAINTENANCE LOG'!$O$8:$O$107,'MAINTENANCE LOG'!$C$8:$C$107,$B20)) -> 0 | H20: =IF($B20="","",$E20-$G20) -> 0 | I20: =IF($B20="","",COUNTIFS('MAINTENANCE LOG'!$C$8:$C$107,$B20,'MAINTENANCE LOG'!$AA$8:$AA$107,"REPEAT")) -> 0
B21: ='EQUIPMENT REGISTER'!$B$13 -> RCPM009 | C21: ='EQUIPMENT REGISTER'!$C$13 -> Compactor | D21: =IF($B21="","",COUNTIFS('MAINTENANCE LOG'!$C$8:$C$107,$B21,'MAINTENANCE LOG'!$Z$8:$Z$107,"Completed")) -> 0 | E21: =IF($B21="","",SUMIFS('MAINTENANCE LOG'!$R$8:$R$107,'MAINTENANCE LOG'!$C$8:$C$107,$B21,'MAINTENANCE LOG'!$Z$8:$Z$107,"Completed")) -> 0 | F21: =IF($B21="","",IFERROR($E21/$D21,0)) -> 0 | G21: =IF($B21="","",SUMIFS('MAINTENANCE LOG'!$O$8:$O$107,'MAINTENANCE LOG'!$C$8:$C$107,$B21)) -> 0 | H21: =IF($B21="","",$E21-$G21) -> 0 | I21: =IF($B21="","",COUNTIFS('MAINTENANCE LOG'!$C$8:$C$107,$B21,'MAINTENANCE LOG'!$AA$8:$AA$107,"REPEAT")) -> 0
B22: ='EQUIPMENT REGISTER'!$B$14 -> RCPM010 | C22: ='EQUIPMENT REGISTER'!$C$14 -> TLB | D22: =IF($B22="","",COUNTIFS('MAINTENANCE LOG'!$C$8:$C$107,$B22,'MAINTENANCE LOG'!$Z$8:$Z$107,"Completed")) -> 0 | E22: =IF($B22="","",SUMIFS('MAINTENANCE LOG'!$R$8:$R$107,'MAINTENANCE LOG'!$C$8:$C$107,$B22,'MAINTENANCE LOG'!$Z$8:$Z$107,"Completed")) -> 0 | F22: =IF($B22="","",IFERROR($E22/$D22,0)) -> 0 | G22: =IF($B22="","",SUMIFS('MAINTENANCE LOG'!$O$8:$O$107,'MAINTENANCE LOG'!$C$8:$C$107,$B22)) -> 0 | H22: =IF($B22="","",$E22-$G22) -> 0 | I22: =IF($B22="","",COUNTIFS('MAINTENANCE LOG'!$C$8:$C$107,$B22,'MAINTENANCE LOG'!$AA$8:$AA$107,"REPEAT")) -> 0
B23: ='EQUIPMENT REGISTER'!$B$15 -> RCPM023 | C23: ='EQUIPMENT REGISTER'!$C$15 -> Water Bowser | D23: =IF($B23="","",COUNTIFS('MAINTENANCE LOG'!$C$8:$C$107,$B23,'MAINTENANCE LOG'!$Z$8:$Z$107,"Completed")) -> 0 | E23: =IF($B23="","",SUMIFS('MAINTENANCE LOG'!$R$8:$R$107,'MAINTENANCE LOG'!$C$8:$C$107,$B23,'MAINTENANCE LOG'!$Z$8:$Z$107,"Completed")) -> 0 | F23: =IF($B23="","",IFERROR($E23/$D23,0)) -> 0 | G23: =IF($B23="","",SUMIFS('MAINTENANCE LOG'!$O$8:$O$107,'MAINTENANCE LOG'!$C$8:$C$107,$B23)) -> 0 | H23: =IF($B23="","",$E23-$G23) -> 0 | I23: =IF($B23="","",COUNTIFS('MAINTENANCE LOG'!$C$8:$C$107,$B23,'MAINTENANCE LOG'!$AA$8:$AA$107,"REPEAT")) -> 0
B24: ='EQUIPMENT REGISTER'!$B$16 -> RCPM024 | C24: ='EQUIPMENT REGISTER'!$C$16 -> Water Bowser | D24: =IF($B24="","",COUNTIFS('MAINTENANCE LOG'!$C$8:$C$107,$B24,'MAINTENANCE LOG'!$Z$8:$Z$107,"Completed")) -> 0 | E24: =IF($B24="","",SUMIFS('MAINTENANCE LOG'!$R$8:$R$107,'MAINTENANCE LOG'!$C$8:$C$107,$B24,'MAINTENANCE LOG'!$Z$8:$Z$107,"Completed")) -> 0 | F24: =IF($B24="","",IFERROR($E24/$D24,0)) -> 0 | G24: =IF($B24="","",SUMIFS('MAINTENANCE LOG'!$O$8:$O$107,'MAINTENANCE LOG'!$C$8:$C$107,$B24)) -> 0 | H24: =IF($B24="","",$E24-$G24) -> 0 | I24: =IF($B24="","",COUNTIFS('MAINTENANCE LOG'!$C$8:$C$107,$B24,'MAINTENANCE LOG'!$AA$8:$AA$107,"REPEAT")) -> 0
B25: ='EQUIPMENT REGISTER'!$B$17 -> 0 | C25: ='EQUIPMENT REGISTER'!$C$17 -> 0 | D25: =IF($B25="","",COUNTIFS('MAINTENANCE LOG'!$C$8:$C$107,$B25,'MAINTENANCE LOG'!$Z$8:$Z$107,"Completed")) -> 0 | E25: =IF($B25="","",SUMIFS('MAINTENANCE LOG'!$R$8:$R$107,'MAINTENANCE LOG'!$C$8:$C$107,$B25,'MAINTENANCE LOG'!$Z$8:$Z$107,"Completed")) -> 0 | F25: =IF($B25="","",IFERROR($E25/$D25,0)) -> 0 | G25: =IF($B25="","",SUMIFS('MAINTENANCE LOG'!$O$8:$O$107,'MAINTENANCE LOG'!$C$8:$C$107,$B25)) -> 0 | H25: =IF($B25="","",$E25-$G25) -> 0 | I25: =IF($B25="","",COUNTIFS('MAINTENANCE LOG'!$C$8:$C$107,$B25,'MAINTENANCE LOG'!$AA$8:$AA$107,"REPEAT")) -> 0
B26: ='EQUIPMENT REGISTER'!$B$18 -> 0 | C26: ='EQUIPMENT REGISTER'!$C$18 -> 0 | D26: =IF($B26="","",COUNTIFS('MAINTENANCE LOG'!$C$8:$C$107,$B26,'MAINTENANCE LOG'!$Z$8:$Z$107,"Completed")) -> 0 | E26: =IF($B26="","",SUMIFS('MAINTENANCE LOG'!$R$8:$R$107,'MAINTENANCE LOG'!$C$8:$C$107,$B26,'MAINTENANCE LOG'!$Z$8:$Z$107,"Completed")) -> 0 | F26: =IF($B26="","",IFERROR($E26/$D26,0)) -> 0 | G26: =IF($B26="","",SUMIFS('MAINTENANCE LOG'!$O$8:$O$107,'MAINTENANCE LOG'!$C$8:$C$107,$B26)) -> 0 | H26: =IF($B26="","",$E26-$G26) -> 0 | I26: =IF($B26="","",COUNTIFS('MAINTENANCE LOG'!$C$8:$C$107,$B26,'MAINTENANCE LOG'!$AA$8:$AA$107,"REPEAT")) -> 0
B27: ='EQUIPMENT REGISTER'!$B$19 -> 0 | C27: ='EQUIPMENT REGISTER'!$C$19 -> 0 | D27: =IF($B27="","",COUNTIFS('MAINTENANCE LOG'!$C$8:$C$107,$B27,'MAINTENANCE LOG'!$Z$8:$Z$107,"Completed")) -> 0 | E27: =IF($B27="","",SUMIFS('MAINTENANCE LOG'!$R$8:$R$107,'MAINTENANCE LOG'!$C$8:$C$107,$B27,'MAINTENANCE LOG'!$Z$8:$Z$107,"Completed")) -> 0 | F27: =IF($B27="","",IFERROR($E27/$D27,0)) -> 0 | G27: =IF($B27="","",SUMIFS('MAINTENANCE LOG'!$O$8:$O$107,'MAINTENANCE LOG'!$C$8:$C$107,$B27)) -> 0 | H27: =IF($B27="","",$E27-$G27) -> 0 | I27: =IF($B27="","",COUNTIFS('MAINTENANCE LOG'!$C$8:$C$107,$B27,'MAINTENANCE LOG'!$AA$8:$AA$107,"REPEAT")) -> 0
B28: ='EQUIPMENT REGISTER'!$B$20 -> 0 | C28: ='EQUIPMENT REGISTER'!$C$20 -> 0 | D28: =IF($B28="","",COUNTIFS('MAINTENANCE LOG'!$C$8:$C$107,$B28,'MAINTENANCE LOG'!$Z$8:$Z$107,"Completed")) -> 0 | E28: =IF($B28="","",SUMIFS('MAINTENANCE LOG'!$R$8:$R$107,'MAINTENANCE LOG'!$C$8:$C$107,$B28,'MAINTENANCE LOG'!$Z$8:$Z$107,"Completed")) -> 0 | F28: =IF($B28="","",IFERROR($E28/$D28,0)) -> 0 | G28: =IF($B28="","",SUMIFS('MAINTENANCE LOG'!$O$8:$O$107,'MAINTENANCE LOG'!$C$8:$C$107,$B28)) -> 0 | H28: =IF($B28="","",$E28-$G28) -> 0 | I28: =IF($B28="","",COUNTIFS('MAINTENANCE LOG'!$C$8:$C$107,$B28,'MAINTENANCE LOG'!$AA$8:$AA$107,"REPEAT")) -> 0
B29: ='EQUIPMENT REGISTER'!$B$21 -> 0 | C29: ='EQUIPMENT REGISTER'!$C$21 -> 0 | D29: =IF($B29="","",COUNTIFS('MAINTENANCE LOG'!$C$8:$C$107,$B29,'MAINTENANCE LOG'!$Z$8:$Z$107,"Completed")) -> 0 | E29: =IF($B29="","",SUMIFS('MAINTENANCE LOG'!$R$8:$R$107,'MAINTENANCE LOG'!$C$8:$C$107,$B29,'MAINTENANCE LOG'!$Z$8:$Z$107,"Completed")) -> 0 | F29: =IF($B29="","",IFERROR($E29/$D29,0)) -> 0 | G29: =IF($B29="","",SUMIFS('MAINTENANCE LOG'!$O$8:$O$107,'MAINTENANCE LOG'!$C$8:$C$107,$B29)) -> 0 | H29: =IF($B29="","",$E29-$G29) -> 0 | I29: =IF($B29="","",COUNTIFS('MAINTENANCE LOG'!$C$8:$C$107,$B29,'MAINTENANCE LOG'!$AA$8:$AA$107,"REPEAT")) -> 0
B31: MTTR BY BREAKDOWN TYPE
B32: CATEGORY | C32: JOBS | D32: COMPLETED | E32: TOTAL REPAIR HRS | F32: MTTR (HRS) | G32: REPEAT B/DOWNS
B33: Engine | C33: =COUNTIF('MAINTENANCE LOG'!$F$8:$F$107,$B33) -> 0 | D33: =COUNTIFS('MAINTENANCE LOG'!$F$8:$F$107,$B33,'MAINTENANCE LOG'!$Z$8:$Z$107,"Completed") -> 0 | E33: =SUMIFS('MAINTENANCE LOG'!$R$8:$R$107,'MAINTENANCE LOG'!$F$8:$F$107,$B33,'MAINTENANCE LOG'!$Z$8:$Z$107,"Completed") -> 0 | F33: =IFERROR($E33/$D33,0) -> 0 | G33: =COUNTIFS('MAINTENANCE LOG'!$F$8:$F$107,$B33,'MAINTENANCE LOG'!$AA$8:$AA$107,"REPEAT") -> 0
B34: Hydraulic | C34: =COUNTIF('MAINTENANCE LOG'!$F$8:$F$107,$B34) -> 0 | D34: =COUNTIFS('MAINTENANCE LOG'!$F$8:$F$107,$B34,'MAINTENANCE LOG'!$Z$8:$Z$107,"Completed") -> 0 | E34: =SUMIFS('MAINTENANCE LOG'!$R$8:$R$107,'MAINTENANCE LOG'!$F$8:$F$107,$B34,'MAINTENANCE LOG'!$Z$8:$Z$107,"Completed") -> 0 | F34: =IFERROR($E34/$D34,0) -> 0 | G34: =COUNTIFS('MAINTENANCE LOG'!$F$8:$F$107,$B34,'MAINTENANCE LOG'!$AA$8:$AA$107,"REPEAT") -> 0
B35: Electrical | C35: =COUNTIF('MAINTENANCE LOG'!$F$8:$F$107,$B35) -> 0 | D35: =COUNTIFS('MAINTENANCE LOG'!$F$8:$F$107,$B35,'MAINTENANCE LOG'!$Z$8:$Z$107,"Completed") -> 0 | E35: =SUMIFS('MAINTENANCE LOG'!$R$8:$R$107,'MAINTENANCE LOG'!$F$8:$F$107,$B35,'MAINTENANCE LOG'!$Z$8:$Z$107,"Completed") -> 0 | F35: =IFERROR($E35/$D35,0) -> 0 | G35: =COUNTIFS('MAINTENANCE LOG'!$F$8:$F$107,$B35,'MAINTENANCE LOG'!$AA$8:$AA$107,"REPEAT") -> 0
B36: Transmission | C36: =COUNTIF('MAINTENANCE LOG'!$F$8:$F$107,$B36) -> 0 | D36: =COUNTIFS('MAINTENANCE LOG'!$F$8:$F$107,$B36,'MAINTENANCE LOG'!$Z$8:$Z$107,"Completed") -> 0 | E36: =SUMIFS('MAINTENANCE LOG'!$R$8:$R$107,'MAINTENANCE LOG'!$F$8:$F$107,$B36,'MAINTENANCE LOG'!$Z$8:$Z$107,"Completed") -> 0 | F36: =IFERROR($E36/$D36,0) -> 0 | G36: =COUNTIFS('MAINTENANCE LOG'!$F$8:$F$107,$B36,'MAINTENANCE LOG'!$AA$8:$AA$107,"REPEAT") -> 0
B37: Undercarriage | C37: =COUNTIF('MAINTENANCE LOG'!$F$8:$F$107,$B37) -> 0 | D37: =COUNTIFS('MAINTENANCE LOG'!$F$8:$F$107,$B37,'MAINTENANCE LOG'!$Z$8:$Z$107,"Completed") -> 0 | E37: =SUMIFS('MAINTENANCE LOG'!$R$8:$R$107,'MAINTENANCE LOG'!$F$8:$F$107,$B37,'MAINTENANCE LOG'!$Z$8:$Z$107,"Completed") -> 0 | F37: =IFERROR($E37/$D37,0) -> 0 | G37: =COUNTIFS('MAINTENANCE LOG'!$F$8:$F$107,$B37,'MAINTENANCE LOG'!$AA$8:$AA$107,"REPEAT") -> 0
B38: Tyres | C38: =COUNTIF('MAINTENANCE LOG'!$F$8:$F$107,$B38) -> 1 | D38: =COUNTIFS('MAINTENANCE LOG'!$F$8:$F$107,$B38,'MAINTENANCE LOG'!$Z$8:$Z$107,"Completed") -> 0 | E38: =SUMIFS('MAINTENANCE LOG'!$R$8:$R$107,'MAINTENANCE LOG'!$F$8:$F$107,$B38,'MAINTENANCE LOG'!$Z$8:$Z$107,"Completed") -> 0 | F38: =IFERROR($E38/$D38,0) -> 0 | G38: =COUNTIFS('MAINTENANCE LOG'!$F$8:$F$107,$B38,'MAINTENANCE LOG'!$AA$8:$AA$107,"REPEAT") -> 0
B39: Brakes | C39: =COUNTIF('MAINTENANCE LOG'!$F$8:$F$107,$B39) -> 0 | D39: =COUNTIFS('MAINTENANCE LOG'!$F$8:$F$107,$B39,'MAINTENANCE LOG'!$Z$8:$Z$107,"Completed") -> 0 | E39: =SUMIFS('MAINTENANCE LOG'!$R$8:$R$107,'MAINTENANCE LOG'!$F$8:$F$107,$B39,'MAINTENANCE LOG'!$Z$8:$Z$107,"Completed") -> 0 | F39: =IFERROR($E39/$D39,0) -> 0 | G39: =COUNTIFS('MAINTENANCE LOG'!$F$8:$F$107,$B39,'MAINTENANCE LOG'!$AA$8:$AA$107,"REPEAT") -> 0
B40: Cooling | C40: =COUNTIF('MAINTENANCE LOG'!$F$8:$F$107,$B40) -> 0 | D40: =COUNTIFS('MAINTENANCE LOG'!$F$8:$F$107,$B40,'MAINTENANCE LOG'!$Z$8:$Z$107,"Completed") -> 0 | E40: =SUMIFS('MAINTENANCE LOG'!$R$8:$R$107,'MAINTENANCE LOG'!$F$8:$F$107,$B40,'MAINTENANCE LOG'!$Z$8:$Z$107,"Completed") -> 0 | F40: =IFERROR($E40/$D40,0) -> 0 | G40: =COUNTIFS('MAINTENANCE LOG'!$F$8:$F$107,$B40,'MAINTENANCE LOG'!$AA$8:$AA$107,"REPEAT") -> 0
B41: Body & Structure | C41: =COUNTIF('MAINTENANCE LOG'!$F$8:$F$107,$B41) -> 0 | D41: =COUNTIFS('MAINTENANCE LOG'!$F$8:$F$107,$B41,'MAINTENANCE LOG'!$Z$8:$Z$107,"Completed") -> 0 | E41: =SUMIFS('MAINTENANCE LOG'!$R$8:$R$107,'MAINTENANCE LOG'!$F$8:$F$107,$B41,'MAINTENANCE LOG'!$Z$8:$Z$107,"Completed") -> 0 | F41: =IFERROR($E41/$D41,0) -> 0 | G41: =COUNTIFS('MAINTENANCE LOG'!$F$8:$F$107,$B41,'MAINTENANCE LOG'!$AA$8:$AA$107,"REPEAT") -> 0
B42: Operator Damage | C42: =COUNTIF('MAINTENANCE LOG'!$F$8:$F$107,$B42) -> 0 | D42: =COUNTIFS('MAINTENANCE LOG'!$F$8:$F$107,$B42,'MAINTENANCE LOG'!$Z$8:$Z$107,"Completed") -> 0 | E42: =SUMIFS('MAINTENANCE LOG'!$R$8:$R$107,'MAINTENANCE LOG'!$F$8:$F$107,$B42,'MAINTENANCE LOG'!$Z$8:$Z$107,"Completed") -> 0 | F42: =IFERROR($E42/$D42,0) -> 0 | G42: =COUNTIFS('MAINTENANCE LOG'!$F$8:$F$107,$B42,'MAINTENANCE LOG'!$AA$8:$AA$107,"REPEAT") -> 0
B43: Other | C43: =COUNTIF('MAINTENANCE LOG'!$F$8:$F$107,$B43) -> 0 | D43: =COUNTIFS('MAINTENANCE LOG'!$F$8:$F$107,$B43,'MAINTENANCE LOG'!$Z$8:$Z$107,"Completed") -> 0 | E43: =SUMIFS('MAINTENANCE LOG'!$R$8:$R$107,'MAINTENANCE LOG'!$F$8:$F$107,$B43,'MAINTENANCE LOG'!$Z$8:$Z$107,"Completed") -> 0 | F43: =IFERROR($E43/$D43,0) -> 0 | G43: =COUNTIFS('MAINTENANCE LOG'!$F$8:$F$107,$B43,'MAINTENANCE LOG'!$AA$8:$AA$107,"REPEAT") -> 0
B46: MTTR BY SHIFT
B47: SHIFT | C47: JOBS | D47: COMPLETED | E47: TOTAL REPAIR HRS | F47: MTTR (HRS)
B48: Day | C48: =COUNTIF('MAINTENANCE LOG'!$I$8:$I$107,$B48) -> 1 | D48: =COUNTIFS('MAINTENANCE LOG'!$I$8:$I$107,$B48,'MAINTENANCE LOG'!$Z$8:$Z$107,"Completed") -> 0 | E48: =SUMIFS('MAINTENANCE LOG'!$R$8:$R$107,'MAINTENANCE LOG'!$I$8:$I$107,$B48,'MAINTENANCE LOG'!$Z$8:$Z$107,"Completed") -> 0 | F48: =IFERROR($E48/$D48,0) -> 0
B49: Night | C49: =COUNTIF('MAINTENANCE LOG'!$I$8:$I$107,$B49) -> 0 | D49: =COUNTIFS('MAINTENANCE LOG'!$I$8:$I$107,$B49,'MAINTENANCE LOG'!$Z$8:$Z$107,"Completed") -> 0 | E49: =SUMIFS('MAINTENANCE LOG'!$R$8:$R$107,'MAINTENANCE LOG'!$I$8:$I$107,$B49,'MAINTENANCE LOG'!$Z$8:$Z$107,"Completed") -> 0 | F49: =IFERROR($E49/$D49,0) -> 0
B52: MTTR BY WEEK
B53: WEEK | C53: FROM | D53: TO | E53: COMPLETED | F53: TOTAL REPAIR HRS | G53: MTTR (HRS) | H53: ETR MET | I53: ETR MISSED
B54: Week 1 | C54: ='CRT220'!$B$7+0 -> 46266 | D54: ='CRT220'!$B$7+6 -> 46272 | E54: =COUNTIFS('MAINTENANCE LOG'!$H$8:$H$107,">="&$C54,'MAINTENANCE LOG'!$H$8:$H$107,"<="&$D54,'MAINTENANCE LOG'!$Z$8:$Z$107,"Completed") -> 0 | F54: =SUMIFS('MAINTENANCE LOG'!$R$8:$R$107,'MAINTENANCE LOG'!$H$8:$H$107,">="&$C54,'MAINTENANCE LOG'!$H$8:$H$107,"<="&$D54,'MAINTENANCE LOG'!$Z$8:$Z$107,"Completed") -> 0 | G54: =IFERROR($F54/$E54,0) -> 0 | H54: =COUNTIFS('MAINTENANCE LOG'!$H$8:$H$107,">="&$C54,'MAINTENANCE LOG'!$H$8:$H$107,"<="&$D54,'MAINTENANCE LOG'!$U$8:$U$107,"MET") -> 0 | I54: =COUNTIFS('MAINTENANCE LOG'!$H$8:$H$107,">="&$C54,'MAINTENANCE LOG'!$H$8:$H$107,"<="&$D54,'MAINTENANCE LOG'!$U$8:$U$107,"MISSED")+COUNTIFS('MAINTENANCE LOG'!$H$8:$H$107,">="&$C54,'MAINTENANCE LOG'!$H$8:$H$107,"<="&$D54,'MAINTENANCE LOG'!$U$8:$U$107,"OVERDUE") -> 0
B55: Week 2 | C55: ='CRT220'!$B$7+7 -> 46273 | D55: ='CRT220'!$B$7+13 -> 46279 | E55: =COUNTIFS('MAINTENANCE LOG'!$H$8:$H$107,">="&$C55,'MAINTENANCE LOG'!$H$8:$H$107,"<="&$D55,'MAINTENANCE LOG'!$Z$8:$Z$107,"Completed") -> 0 | F55: =SUMIFS('MAINTENANCE LOG'!$R$8:$R$107,'MAINTENANCE LOG'!$H$8:$H$107,">="&$C55,'MAINTENANCE LOG'!$H$8:$H$107,"<="&$D55,'MAINTENANCE LOG'!$Z$8:$Z$107,"Completed") -> 0 | G55: =IFERROR($F55/$E55,0) -> 0 | H55: =COUNTIFS('MAINTENANCE LOG'!$H$8:$H$107,">="&$C55,'MAINTENANCE LOG'!$H$8:$H$107,"<="&$D55,'MAINTENANCE LOG'!$U$8:$U$107,"MET") -> 0 | I55: =COUNTIFS('MAINTENANCE LOG'!$H$8:$H$107,">="&$C55,'MAINTENANCE LOG'!$H$8:$H$107,"<="&$D55,'MAINTENANCE LOG'!$U$8:$U$107,"MISSED")+COUNTIFS('MAINTENANCE LOG'!$H$8:$H$107,">="&$C55,'MAINTENANCE LOG'!$H$8:$H$107,"<="&$D55,'MAINTENANCE LOG'!$U$8:$U$107,"OVERDUE") -> 0
B56: Week 3 | C56: ='CRT220'!$B$7+14 -> 46280 | D56: ='CRT220'!$B$7+20 -> 46286 | E56: =COUNTIFS('MAINTENANCE LOG'!$H$8:$H$107,">="&$C56,'MAINTENANCE LOG'!$H$8:$H$107,"<="&$D56,'MAINTENANCE LOG'!$Z$8:$Z$107,"Completed") -> 0 | F56: =SUMIFS('MAINTENANCE LOG'!$R$8:$R$107,'MAINTENANCE LOG'!$H$8:$H$107,">="&$C56,'MAINTENANCE LOG'!$H$8:$H$107,"<="&$D56,'MAINTENANCE LOG'!$Z$8:$Z$107,"Completed") -> 0 | G56: =IFERROR($F56/$E56,0) -> 0 | H56: =COUNTIFS('MAINTENANCE LOG'!$H$8:$H$107,">="&$C56,'MAINTENANCE LOG'!$H$8:$H$107,"<="&$D56,'MAINTENANCE LOG'!$U$8:$U$107,"MET") -> 1 | I56: =COUNTIFS('MAINTENANCE LOG'!$H$8:$H$107,">="&$C56,'MAINTENANCE LOG'!$H$8:$H$107,"<="&$D56,'MAINTENANCE LOG'!$U$8:$U$107,"MISSED")+COUNTIFS('MAINTENANCE LOG'!$H$8:$H$107,">="&$C56,'MAINTENANCE LOG'!$H$8:$H$107,"<="&$D56,'MAINTENANCE LOG'!$U$8:$U$107,"OVERDUE") -> 0
B57: Week 4 | C57: ='CRT220'!$B$7+21 -> 46287 | D57: ='CRT220'!$B$7+27 -> 46293 | E57: =COUNTIFS('MAINTENANCE LOG'!$H$8:$H$107,">="&$C57,'MAINTENANCE LOG'!$H$8:$H$107,"<="&$D57,'MAINTENANCE LOG'!$Z$8:$Z$107,"Completed") -> 0 | F57: =SUMIFS('MAINTENANCE LOG'!$R$8:$R$107,'MAINTENANCE LOG'!$H$8:$H$107,">="&$C57,'MAINTENANCE LOG'!$H$8:$H$107,"<="&$D57,'MAINTENANCE LOG'!$Z$8:$Z$107,"Completed") -> 0 | G57: =IFERROR($F57/$E57,0) -> 0 | H57: =COUNTIFS('MAINTENANCE LOG'!$H$8:$H$107,">="&$C57,'MAINTENANCE LOG'!$H$8:$H$107,"<="&$D57,'MAINTENANCE LOG'!$U$8:$U$107,"MET") -> 0 | I57: =COUNTIFS('MAINTENANCE LOG'!$H$8:$H$107,">="&$C57,'MAINTENANCE LOG'!$H$8:$H$107,"<="&$D57,'MAINTENANCE LOG'!$U$8:$U$107,"MISSED")+COUNTIFS('MAINTENANCE LOG'!$H$8:$H$107,">="&$C57,'MAINTENANCE LOG'!$H$8:$H$107,"<="&$D57,'MAINTENANCE LOG'!$U$8:$U$107,"OVERDUE") -> 0
B58: Week 5 | C58: ='CRT220'!$B$7+28 -> 46294 | D58: ='CRT220'!$B$7+34 -> 46300 | E58: =COUNTIFS('MAINTENANCE LOG'!$H$8:$H$107,">="&$C58,'MAINTENANCE LOG'!$H$8:$H$107,"<="&$D58,'MAINTENANCE LOG'!$Z$8:$Z$107,"Completed") -> 0 | F58: =SUMIFS('MAINTENANCE LOG'!$R$8:$R$107,'MAINTENANCE LOG'!$H$8:$H$107,">="&$C58,'MAINTENANCE LOG'!$H$8:$H$107,"<="&$D58,'MAINTENANCE LOG'!$Z$8:$Z$107,"Completed") -> 0 | G58: =IFERROR($F58/$E58,0) -> 0 | H58: =COUNTIFS('MAINTENANCE LOG'!$H$8:$H$107,">="&$C58,'MAINTENANCE LOG'!$H$8:$H$107,"<="&$D58,'MAINTENANCE LOG'!$U$8:$U$107,"MET") -> 0 | I58: =COUNTIFS('MAINTENANCE LOG'!$H$8:$H$107,">="&$C58,'MAINTENANCE LOG'!$H$8:$H$107,"<="&$D58,'MAINTENANCE LOG'!$U$8:$U$107,"MISSED")+COUNTIFS('MAINTENANCE LOG'!$H$8:$H$107,">="&$C58,'MAINTENANCE LOG'!$H$8:$H$107,"<="&$D58,'MAINTENANCE LOG'!$U$8:$U$107,"OVERDUE") -> 0
B59: Weeks run from the first date on the machine tabs. Month-to-date MTTR is the team figure in the summary below - no external MTTR benchmark is applied.
B61: MONTH TO DATE - MECHANICAL SUMMARY
B62: Jobs logged | C62: =COUNTA('MAINTENANCE LOG'!$B$8:$B$107) -> 1
B63: Open breakdowns | C63: =COUNTIFS('MAINTENANCE LOG'!$E$8:$E$107,"Breakdown",'MAINTENANCE LOG'!$Z$8:$Z$107,"Open")+COUNTIFS('MAINTENANCE LOG'!$E$8:$E$107,"Breakdown",'MAINTENANCE LOG'!$Z$8:$Z$107,"In Progress") -> 1
B64: Completed repairs | C64: =COUNTIFS('MAINTENANCE LOG'!$Z$8:$Z$107,"Completed") -> 0
B65: Planned maintenance completed | C65: =COUNTIFS('MAINTENANCE LOG'!$E$8:$E$107,"Planned Maintenance",'MAINTENANCE LOG'!$Z$8:$Z$107,"Completed") -> 0
B66: Total planned repair hours | C66: =SUM('MAINTENANCE LOG'!$O$8:$O$107) -> 6
B67: Total actual repair hours | C67: =SUM('MAINTENANCE LOG'!$R$8:$R$107) -> 132
B68: Average repair variance (hrs) | C68: =IFERROR(($C$67-$C$66)/$C$64,0) -> 0
B69: MTTR - team (hrs) | C69: =IFERROR(SUMIFS('MAINTENANCE LOG'!$R$8:$R$107,'MAINTENANCE LOG'!$Z$8:$Z$107,"Completed")/COUNTIFS('MAINTENANCE LOG'!$Z$8:$Z$107,"Completed"),0) -> 0
B70: Jobs completed on time | C70: =COUNTIF('MAINTENANCE LOG'!$U$8:$U$107,"MET") -> 1
B71: Jobs overdue | C71: =COUNTIF('MAINTENANCE LOG'!$U$8:$U$107,"MISSED")+COUNTIF('MAINTENANCE LOG'!$U$8:$U$107,"OVERDUE") -> 0
B72: ETR compliance | C72: =IFERROR($C$70/($C$70+$C$71),0) -> 1
B73: Repeat breakdowns | C73: =COUNTIF('MAINTENANCE LOG'!$AA$8:$AA$107,"REPEAT") -> 0
B74: Equipment returned to production | C74: =COUNTIF('MAINTENANCE LOG'!$X$8:$X$107,"Y") -> 0
B77: CHART DATA - do not edit
B78: MEASURE | C78: ACHIEVED | D78: SHORTFALL
B79: Labour utilisation | C79: =MIN(1,MAX(0,$H$11)) -> 0 | D79: =1-$C79 -> 1
B80: ETR compliance | C80: =MIN(1,MAX(0,$C$72)) -> 1 | D80: =1-$C80 -> 0
B81: Rental fleet availability | C81: =MIN(1,MAX(0,IFERROR(AVAILABILITY!$J$22,0))) -> 0 | D81: =1-$C81 -> 1

Sheet AVAILABILITY
B2: ENGINEERING AVAILABILITY
B3: Exxaro Grootegeluk | PLANT OPTIMIZATION
B4: Availability is an engineering KPI and is measured separately from production utilisation.
B6: EQUIP | C6: MACHINE TYPE | D6: PLANNED AVAIL HRS | E6: BREAKDOWN HRS | F6: TARGET AVAIL | G6: ACTUAL AVAIL | H6: VARIANCE
B7: CRT220 | C7: CAT 773 RDT | D7: ='SETUP & TARGETS'!$C$10*COUNT('CRT220'!$O$7:$O$37) -> 270 | E7: ='CRT220'!I38 -> 270 | F7: ='SETUP & TARGETS'!$C12 -> 0.85 | G7: =IFERROR((D7-E7)/D7,0) -> 0 | H7: =G7-F7 -> -0.85
B8: CRT221 | C8: CAT 773 RDT | D8: ='SETUP & TARGETS'!$C$10*COUNT('CRT221'!$O$7:$O$37) -> 270 | E8: ='CRT221'!I38 -> 77 | F8: ='SETUP & TARGETS'!$C12 -> 0.85 | G8: =IFERROR((D8-E8)/D8,0) -> 0.71481481 | H8: =G8-F8 -> -0.13518519
B9: CRT222 | C9: CAT 773 RDT | D9: ='SETUP & TARGETS'!$C$10*COUNT('CRT222'!$O$7:$O$37) -> 270 | E9: ='CRT222'!I38 -> 145 | F9: ='SETUP & TARGETS'!$C12 -> 0.85 | G9: =IFERROR((D9-E9)/D9,0) -> 0.46296296 | H9: =G9-F9 -> -0.38703704
B10: CRT224 | C10: CAT 395 Excavator | D10: ='SETUP & TARGETS'!$C$10*COUNT('CRT224'!$O$7:$O$37) -> 270 | E10: ='CRT224'!I38 -> 11 | F10: ='SETUP & TARGETS'!$C12 -> 0.85 | G10: =IFERROR((D10-E10)/D10,0) -> 0.95925926 | H10: =G10-F10 -> 0.10925926
B11: CRT225 | C11: CAT D9 Dozer | D11: ='SETUP & TARGETS'!$C$10*COUNT('CRT225'!$O$7:$O$37) -> 270 | E11: ='CRT225'!I38 -> 0 | F11: ='SETUP & TARGETS'!$C12 -> 0.85 | G11: =IFERROR((D11-E11)/D11,0) -> 1 | H11: =G11-F11 -> 0.15
B12: FLEET | D12: =SUM(D7:D11) -> 1350 | E12: =SUM(E7:E11) -> 503 | F12: ='SETUP & TARGETS'!$C12 -> 0.85 | G12: =IFERROR((D12-E12)/D12,0) -> 0.62740741 | H12: =G12-F12 -> -0.22259259
B14: RENTAL & STANDBY FLEET - AVAILABILITY AND UTILISATION
B15: For machines without a daily machine tab. Breakdown and planned maintenance hours come from the MAINTENANCE LOG, so the reason for every unavailable hour is traceable.
B16: EQUIP | C16: EQUIPMENT TYPE | D16: STATUS | E16: PLANNED HRS | F16: B/DOWN HRS | G16: PLANNED MAINT HRS | H16: OTHER DOWNTIME | I16: AVAILABLE HRS | J16: AVAILABILITY % | K16: OPERATING HRS | L16: IDLE HRS | M16: UTILISATION % | N16: RAG
B17: ='EQUIPMENT REGISTER'!$B$12 -> RCPM008 | C17: ='EQUIPMENT REGISTER'!$C$12 -> Grader | D17: ='EQUIPMENT REGISTER'!$F$12 -> Active | F17: =SUMIFS('MAINTENANCE LOG'!$R$8:$R$107,'MAINTENANCE LOG'!$C$8:$C$107,$B17,'MAINTENANCE LOG'!$E$8:$E$107,"Breakdown") -> 0 | G17: =SUMIFS('MAINTENANCE LOG'!$R$8:$R$107,'MAINTENANCE LOG'!$C$8:$C$107,$B17,'MAINTENANCE LOG'!$E$8:$E$107,"Planned Maintenance")+SUMIFS('MAINTENANCE LOG'!$R$8:$R$107,'MAINTENANCE LOG'!$C$8:$C$107,$B17,'MAINTENANCE LOG'!$E$8:$E$107,"Service") -> 0 | I17: =MAX(0,N($E17)-N($F17)-N($G17)-N($H17)) -> 0 | J17: =IFERROR($I17/$E17,0) -> 0 | L17: =MAX(0,N($I17)-N($K17)) -> 0 | M17: =IFERROR($K17/$I17,0) -> 0 | N17: =IF(N($E17)=0,"",IF($J17>='SETUP & TARGETS'!$C$12,"GREEN",IF($J17>='SETUP & TARGETS'!$C$13,"AMBER","RED")))
B18: ='EQUIPMENT REGISTER'!$B$13 -> RCPM009 | C18: ='EQUIPMENT REGISTER'!$C$13 -> Compactor | D18: ='EQUIPMENT REGISTER'!$F$13 -> Active | F18: =SUMIFS('MAINTENANCE LOG'!$R$8:$R$107,'MAINTENANCE LOG'!$C$8:$C$107,$B18,'MAINTENANCE LOG'!$E$8:$E$107,"Breakdown") -> 0 | G18: =SUMIFS('MAINTENANCE LOG'!$R$8:$R$107,'MAINTENANCE LOG'!$C$8:$C$107,$B18,'MAINTENANCE LOG'!$E$8:$E$107,"Planned Maintenance")+SUMIFS('MAINTENANCE LOG'!$R$8:$R$107,'MAINTENANCE LOG'!$C$8:$C$107,$B18,'MAINTENANCE LOG'!$E$8:$E$107,"Service") -> 0 | I18: =MAX(0,N($E18)-N($F18)-N($G18)-N($H18)) -> 0 | J18: =IFERROR($I18/$E18,0) -> 0 | L18: =MAX(0,N($I18)-N($K18)) -> 0 | M18: =IFERROR($K18/$I18,0) -> 0 | N18: =IF(N($E18)=0,"",IF($J18>='SETUP & TARGETS'!$C$12,"GREEN",IF($J18>='SETUP & TARGETS'!$C$13,"AMBER","RED")))
B19: ='EQUIPMENT REGISTER'!$B$14 -> RCPM010 | C19: ='EQUIPMENT REGISTER'!$C$14 -> TLB | D19: ='EQUIPMENT REGISTER'!$F$14 -> Inactive | F19: =SUMIFS('MAINTENANCE LOG'!$R$8:$R$107,'MAINTENANCE LOG'!$C$8:$C$107,$B19,'MAINTENANCE LOG'!$E$8:$E$107,"Breakdown") -> 0 | G19: =SUMIFS('MAINTENANCE LOG'!$R$8:$R$107,'MAINTENANCE LOG'!$C$8:$C$107,$B19,'MAINTENANCE LOG'!$E$8:$E$107,"Planned Maintenance")+SUMIFS('MAINTENANCE LOG'!$R$8:$R$107,'MAINTENANCE LOG'!$C$8:$C$107,$B19,'MAINTENANCE LOG'!$E$8:$E$107,"Service") -> 0 | I19: =MAX(0,N($E19)-N($F19)-N($G19)-N($H19)) -> 0 | J19: =IFERROR($I19/$E19,0) -> 0 | L19: =MAX(0,N($I19)-N($K19)) -> 0 | M19: =IFERROR($K19/$I19,0) -> 0 | N19: =IF(N($E19)=0,"",IF($J19>='SETUP & TARGETS'!$C$12,"GREEN",IF($J19>='SETUP & TARGETS'!$C$13,"AMBER","RED")))
B20: ='EQUIPMENT REGISTER'!$B$15 -> RCPM023 | C20: ='EQUIPMENT REGISTER'!$C$15 -> Water Bowser | D20: ='EQUIPMENT REGISTER'!$F$15 -> Active | F20: =SUMIFS('MAINTENANCE LOG'!$R$8:$R$107,'MAINTENANCE LOG'!$C$8:$C$107,$B20,'MAINTENANCE LOG'!$E$8:$E$107,"Breakdown") -> 0 | G20: =SUMIFS('MAINTENANCE LOG'!$R$8:$R$107,'MAINTENANCE LOG'!$C$8:$C$107,$B20,'MAINTENANCE LOG'!$E$8:$E$107,"Planned Maintenance")+SUMIFS('MAINTENANCE LOG'!$R$8:$R$107,'MAINTENANCE LOG'!$C$8:$C$107,$B20,'MAINTENANCE LOG'!$E$8:$E$107,"Service") -> 0 | I20: =MAX(0,N($E20)-N($F20)-N($G20)-N($H20)) -> 0 | J20: =IFERROR($I20/$E20,0) -> 0 | L20: =MAX(0,N($I20)-N($K20)) -> 0 | M20: =IFERROR($K20/$I20,0) -> 0 | N20: =IF(N($E20)=0,"",IF($J20>='SETUP & TARGETS'!$C$12,"GREEN",IF($J20>='SETUP & TARGETS'!$C$13,"AMBER","RED")))
B21: ='EQUIPMENT REGISTER'!$B$16 -> RCPM024 | C21: ='EQUIPMENT REGISTER'!$C$16 -> Water Bowser | D21: ='EQUIPMENT REGISTER'!$F$16 -> Inactive | F21: =SUMIFS('MAINTENANCE LOG'!$R$8:$R$107,'MAINTENANCE LOG'!$C$8:$C$107,$B21,'MAINTENANCE LOG'!$E$8:$E$107,"Breakdown") -> 0 | G21: =SUMIFS('MAINTENANCE LOG'!$R$8:$R$107,'MAINTENANCE LOG'!$C$8:$C$107,$B21,'MAINTENANCE LOG'!$E$8:$E$107,"Planned Maintenance")+SUMIFS('MAINTENANCE LOG'!$R$8:$R$107,'MAINTENANCE LOG'!$C$8:$C$107,$B21,'MAINTENANCE LOG'!$E$8:$E$107,"Service") -> 0 | I21: =MAX(0,N($E21)-N($F21)-N($G21)-N($H21)) -> 0 | J21: =IFERROR($I21/$E21,0) -> 0 | L21: =MAX(0,N($I21)-N($K21)) -> 0 | M21: =IFERROR($K21/$I21,0) -> 0 | N21: =IF(N($E21)=0,"",IF($J21>='SETUP & TARGETS'!$C$12,"GREEN",IF($J21>='SETUP & TARGETS'!$C$13,"AMBER","RED")))
B22: RENTAL TOTAL | E22: =SUM(E17:E21) -> 0 | F22: =SUM(F17:F21) -> 0 | G22: =SUM(G17:G21) -> 0 | H22: =SUM(H17:H21) -> 0 | I22: =SUM(I17:I21) -> 0 | J22: =IFERROR($I22/$E22,0) -> 0 | K22: =SUM(K17:K21) -> 0 | L22: =SUM(L17:L21) -> 0 | M22: =IFERROR($K22/$I22,0) -> 0
B24: Planned hours, other downtime and operating hours are captured per contract. Availability = available hours / planned hours. Utilisation = operating hours / available hours. The two are deliberately kept separate.

Sheet SETUP & TARGETS
B2: SETUP & TARGETS
B3: Exxaro Grootegeluk | APRIL 2026 | PLANT OPTIMIZATION
B4: Blue cells are inputs. Change them here and the whole workbook follows.
B6: OPERATING PARAMETERS
B7: Shift hours per day | C7: 18 | E7: Targeted hours on the machine per working day
B8: Working days per month | C8: 31 | E8: Monday to Friday basis
B9: Planned operating hours per month | C9: =C7*C8 -> 558 | E9: Shift hours x working days - calculated
B10: Planned available hours per day | C10: 18 | E10: Engineering availability window per day
B11: Utilisation target | C11: 0.8 | E11: Green at or above this share of the cumulative target
B12: Availability target | C12: 0.85 | E12: Allows for daily inspections, breakdowns and scheduled maintenance
B13: Amber threshold | C13: 0.7 | E13: Below the utilisation target but above this is amber
B14: Calendar days in month | C14: 31 | E14: Number of day rows on each machine tab
B17: FLEET REGISTER
B18: EQUIP CODE | C18: MACHINE TYPE | D18: PLANNED HRS | E18: STATUS
B19: CRT220 | C19: CAT 773 RDT | D19: ='SETUP & TARGETS'!$C9 -> 558 | E19: ACTIVE
B20: CRT221 | C20: CAT 773 RDT | D20: ='SETUP & TARGETS'!$C9 -> 558 | E20: ACTIVE
B21: CRT222 | C21: CAT 773 RDT | D21: ='SETUP & TARGETS'!$C9 -> 558 | E21: ACTIVE
B22: CRT224 | C22: CAT 395 Excavator | D22: ='SETUP & TARGETS'!$C9 -> 558 | E22: ACTIVE
B23: CRT225 | C23: CAT D9 Dozer | D23: ='SETUP & TARGETS'!$C9 -> 558 | E23: ACTIVE
B25: Planned operating hours = shift hours x working days. Confirm the GGV shift pattern with the Site Manager.
B27: MECHANICAL TEAM PARAMETERS
B28: Mechanical shift length (hours) | C28: 12 | E28: Day shift 06:00 to 18:00, night shift 18:00 to 06:00
B29: Labour utilisation target | C29: 0.8 | E29: Productive mechanical hours as a share of hours on site
B30: ETR compliance target | C30: 0.9 | E30: Share of repairs completed by the estimated time of repair
B31: MTTR baseline (hours) | E31: Left blank on purpose - no external benchmark assumed. Populate once GG has run enough months to set its own baseline
B32: Service interval (engine hours) | C32: 250 | E32: Used for guidance only - next service date is captured per machine
B33: Inspection interval (days) | C33: 7 | E33: Drives the next inspection date on the EQUIPMENT REGISTER
B34: Service / inspection warning (days) | C34: 7 | E34: Days before due date that a machine flags as DUE
B35: Maintenance backlog - amber (open jobs) | C35: 3 | E35: Open or in-progress jobs per machine before it flags amber
B36: Maintenance backlog - red (open jobs) | C36: 6 | E36: Open or in-progress jobs per machine before it flags red
B38: MECHANICAL TEAM REGISTER
B39: NAME | C39: POSITION | D39: ROSTER PATTERN | E39: SHIFT HRS
B40: Lindokuhle Ntombela | C40: Mechanic / Acting Team Leader | D40: Monday to Friday - Day | E40: =$C$28 -> 12
B41: Motlalepula Molefe | C41: Mechanic | D41: Cycle group A - 3 day / 3 night / 3 off | E41: =$C$28 -> 12
B42: Thabo Monyane | C42: Mechanic | D42: Cycle group B - 3 day / 3 night / 3 off | E42: =$C$28 -> 12
B43: Tshepang Maepa | C43: Assistant Mechanic | D43: Cycle group C - 3 day / 3 night / 3 off | E43: =$C$28 -> 12
B45: Names come from the GGV Lephalale shift roster. Change a name here and the roster, maintenance log and mechanic performance tabs all follow.

Sheet CRT220
B2: EQUIPMENT LOG | CRT220 - CAT 773 RDT
B3: Exxaro Grootegeluk | PLANT OPTIMIZATION
B6: DATE | C6: WORK DAY | D6: OPENING ENG HRS | E6: CLOSING ENG HRS | F6: DIRECT OPS HRS | G6: DELAY CODE(S) | H6: OPS DELAY HRS | I6: B/DOWN HRS | J6: DAILY TARGET | K6: CUM TARGET | L6: CUM ACTUAL | M6: CUM ACHIEVED | N6: DAILY UTIL % | O6: DAILY AVAIL % | P6: RAG | Q6: COMMENTS / DETAILS
B7: 46266 | C7: Y | D7: 10165 | E7: 10165 | F7: =IF(OR($E7="",$D7=""),"",MAX(0,$E7-$D7)) -> 0 | G7: BD-CC | I7: 18 | J7: =IF($C7="Y",'SETUP & TARGETS'!$C$7,0) -> 18 | K7: =0+$J7 -> 18 | L7: =0+N($F7) -> 0 | M7: =IFERROR($L7/$K7,0) -> 0 | N7: =IF($F7="","",IFERROR($F7/'SETUP & TARGETS'!$C7,0)) -> 0 | O7: =IF(OR($C7<>"Y",COUNT($D7,$E7,$H7,$I7)=0),"",MAX(0,IFERROR(('SETUP & TARGETS'!$C$10-N($I7))/'SETUP & TARGETS'!$C$10,0))) -> 0 | P7: =IF($K7=0,"",IF($M7>='SETUP & TARGETS'!$C11,"GREEN",IF($M7>='SETUP & TARGETS'!$C13,"AMBER","RED"))) -> RED | Q7: =IFERROR(INDEX('DELAY CODE REGISTER'!$C$6:$C$49,MATCH(G7,'DELAY CODE REGISTER'!$B$6:$B$49,0)),"") -> Breakdown:Component change out
B8: 46267 | C8: Y | D8: 10165 | E8: 10165 | F8: =IF(OR($E8="",$D8=""),"",MAX(0,$E8-$D8)) -> 0 | G8: BD-CC | I8: 18 | J8: =IF($C8="Y",'SETUP & TARGETS'!$C$7,0) -> 18 | K8: =$K7+$J8 -> 36 | L8: =$L7+N($F8) -> 0 | M8: =IFERROR($L8/$K8,0) -> 0 | N8: =IF($F8="","",IFERROR($F8/'SETUP & TARGETS'!$C7,0)) -> 0 | O8: =IF(OR($C8<>"Y",COUNT($D8,$E8,$H8,$I8)=0),"",MAX(0,IFERROR(('SETUP & TARGETS'!$C$10-N($I8))/'SETUP & TARGETS'!$C$10,0))) -> 0 | P8: =IF($K8=0,"",IF($M8>='SETUP & TARGETS'!$C11,"GREEN",IF($M8>='SETUP & TARGETS'!$C13,"AMBER","RED"))) -> RED | Q8: =IFERROR(INDEX('DELAY CODE REGISTER'!$C$6:$C$49,MATCH(G8,'DELAY CODE REGISTER'!$B$6:$B$49,0)),"") -> Breakdown:Component change out
B9: 46268 | C9: Y | D9: 10165 | E9: 10165 | F9: =IF(OR($E9="",$D9=""),"",MAX(0,$E9-$D9)) -> 0 | G9: BD-CC | I9: 18 | J9: =IF($C9="Y",'SETUP & TARGETS'!$C$7,0) -> 18 | K9: =$K8+$J9 -> 54 | L9: =$L8+N($F9) -> 0 | M9: =IFERROR($L9/$K9,0) -> 0 | N9: =IF($F9="","",IFERROR($F9/'SETUP & TARGETS'!$C7,0)) -> 0 | O9: =IF(OR($C9<>"Y",COUNT($D9,$E9,$H9,$I9)=0),"",MAX(0,IFERROR(('SETUP & TARGETS'!$C$10-N($I9))/'SETUP & TARGETS'!$C$10,0))) -> 0 | P9: =IF($K9=0,"",IF($M9>='SETUP & TARGETS'!$C11,"GREEN",IF($M9>='SETUP & TARGETS'!$C13,"AMBER","RED"))) -> RED | Q9: =IFERROR(INDEX('DELAY CODE REGISTER'!$C$6:$C$49,MATCH(G9,'DELAY CODE REGISTER'!$B$6:$B$49,0)),"") -> Breakdown:Component change out
B10: 46269 | C10: Y | D10: 10165 | E10: 10165 | F10: =IF(OR($E10="",$D10=""),"",MAX(0,$E10-$D10)) -> 0 | G10: BD-CC | I10: 18 | J10: =IF($C10="Y",'SETUP & TARGETS'!$C$7,0) -> 18 | K10: =$K9+$J10 -> 72 | L10: =$L9+N($F10) -> 0 | M10: =IFERROR($L10/$K10,0) -> 0 | N10: =IF($F10="","",IFERROR($F10/'SETUP & TARGETS'!$C7,0)) -> 0 | O10: =IF(OR($C10<>"Y",COUNT($D10,$E10,$H10,$I10)=0),"",MAX(0,IFERROR(('SETUP & TARGETS'!$C$10-N($I10))/'SETUP & TARGETS'!$C$10,0))) -> 0 | P10: =IF($K10=0,"",IF($M10>='SETUP & TARGETS'!$C11,"GREEN",IF($M10>='SETUP & TARGETS'!$C13,"AMBER","RED"))) -> RED | Q10: =IFERROR(INDEX('DELAY CODE REGISTER'!$C$6:$C$49,MATCH(G10,'DELAY CODE REGISTER'!$B$6:$B$49,0)),"") -> Breakdown:Component change out
B11: 46270 | C11: Y | D11: 10165 | E11: 10165 | F11: =IF(OR($E11="",$D11=""),"",MAX(0,$E11-$D11)) -> 0 | G11: BD-CC | I11: 18 | J11: =IF($C11="Y",'SETUP & TARGETS'!$C$7,0) -> 18 | K11: =$K10+$J11 -> 90 | L11: =$L10+N($F11) -> 0 | M11: =IFERROR($L11/$K11,0) -> 0 | N11: =IF($F11="","",IFERROR($F11/'SETUP & TARGETS'!$C7,0)) -> 0 | O11: =IF(OR($C11<>"Y",COUNT($D11,$E11,$H11,$I11)=0),"",MAX(0,IFERROR(('SETUP & TARGETS'!$C$10-N($I11))/'SETUP & TARGETS'!$C$10,0))) -> 0 | P11: =IF($K11=0,"",IF($M11>='SETUP & TARGETS'!$C11,"GREEN",IF($M11>='SETUP & TARGETS'!$C13,"AMBER","RED"))) -> RED | Q11: =IFERROR(INDEX('DELAY CODE REGISTER'!$C$6:$C$49,MATCH(G11,'DELAY CODE REGISTER'!$B$6:$B$49,0)),"") -> Breakdown:Component change out
B12: 46271 | C12: Y | D12: 10165 | E12: 10165 | F12: =IF(OR($E12="",$D12=""),"",MAX(0,$E12-$D12)) -> 0 | G12: BD-CC | I12: 18 | J12: =IF($C12="Y",'SETUP & TARGETS'!$C$7,0) -> 18 | K12: =$K11+$J12 -> 108 | L12: =$L11+N($F12) -> 0 | M12: =IFERROR($L12/$K12,0) -> 0 | N12: =IF($F12="","",IFERROR($F12/'SETUP & TARGETS'!$C7,0)) -> 0 | O12: =IF(OR($C12<>"Y",COUNT($D12,$E12,$H12,$I12)=0),"",MAX(0,IFERROR(('SETUP & TARGETS'!$C$10-N($I12))/'SETUP & TARGETS'!$C$10,0))) -> 0 | P12: =IF($K12=0,"",IF($M12>='SETUP & TARGETS'!$C11,"GREEN",IF($M12>='SETUP & TARGETS'!$C13,"AMBER","RED"))) -> RED | Q12: =IFERROR(INDEX('DELAY CODE REGISTER'!$C$6:$C$49,MATCH(G12,'DELAY CODE REGISTER'!$B$6:$B$49,0)),"") -> Breakdown:Component change out
B13: 46272 | C13: Y | D13: 10165 | E13: 10165 | F13: =IF(OR($E13="",$D13=""),"",MAX(0,$E13-$D13)) -> 0 | G13: BD-CC | I13: 18 | J13: =IF($C13="Y",'SETUP & TARGETS'!$C$7,0) -> 18 | K13: =$K12+$J13 -> 126 | L13: =$L12+N($F13) -> 0 | M13: =IFERROR($L13/$K13,0) -> 0 | N13: =IF($F13="","",IFERROR($F13/'SETUP & TARGETS'!$C7,0)) -> 0 | O13: =IF(OR($C13<>"Y",COUNT($D13,$E13,$H13,$I13)=0),"",MAX(0,IFERROR(('SETUP & TARGETS'!$C$10-N($I13))/'SETUP & TARGETS'!$C$10,0))) -> 0 | P13: =IF($K13=0,"",IF($M13>='SETUP & TARGETS'!$C11,"GREEN",IF($M13>='SETUP & TARGETS'!$C13,"AMBER","RED"))) -> RED | Q13: =IFERROR(INDEX('DELAY CODE REGISTER'!$C$6:$C$49,MATCH(G13,'DELAY CODE REGISTER'!$B$6:$B$49,0)),"") -> Breakdown:Component change out
B14: 46273 | C14: Y | D14: 10165 | E14: 10165 | F14: =IF(OR($E14="",$D14=""),"",MAX(0,$E14-$D14)) -> 0 | G14: BD-CC | I14: 18 | J14: =IF($C14="Y",'SETUP & TARGETS'!$C$7,0) -> 18 | K14: =$K13+$J14 -> 144 | L14: =$L13+N($F14) -> 0 | M14: =IFERROR($L14/$K14,0) -> 0 | N14: =IF($F14="","",IFERROR($F14/'SETUP & TARGETS'!$C7,0)) -> 0 | O14: =IF(OR($C14<>"Y",COUNT($D14,$E14,$H14,$I14)=0),"",MAX(0,IFERROR(('SETUP & TARGETS'!$C$10-N($I14))/'SETUP & TARGETS'!$C$10,0))) -> 0 | P14: =IF($K14=0,"",IF($M14>='SETUP & TARGETS'!$C11,"GREEN",IF($M14>='SETUP & TARGETS'!$C13,"AMBER","RED"))) -> RED | Q14: =IFERROR(INDEX('DELAY CODE REGISTER'!$C$6:$C$49,MATCH(G14,'DELAY CODE REGISTER'!$B$6:$B$49,0)),"") -> Breakdown:Component change out
B15: 46274 | C15: Y | D15: 10165 | E15: 10165 | F15: =IF(OR($E15="",$D15=""),"",MAX(0,$E15-$D15)) -> 0 | G15: BD-CC | I15: 18 | J15: =IF($C15="Y",'SETUP & TARGETS'!$C$7,0) -> 18 | K15: =$K14+$J15 -> 162 | L15: =$L14+N($F15) -> 0 | M15: =IFERROR($L15/$K15,0) -> 0 | N15: =IF($F15="","",IFERROR($F15/'SETUP & TARGETS'!$C7,0)) -> 0 | O15: =IF(OR($C15<>"Y",COUNT($D15,$E15,$H15,$I15)=0),"",MAX(0,IFERROR(('SETUP & TARGETS'!$C$10-N($I15))/'SETUP & TARGETS'!$C$10,0))) -> 0 | P15: =IF($K15=0,"",IF($M15>='SETUP & TARGETS'!$C11,"GREEN",IF($M15>='SETUP & TARGETS'!$C13,"AMBER","RED"))) -> RED | Q15: =IFERROR(INDEX('DELAY CODE REGISTER'!$C$6:$C$49,MATCH(G15,'DELAY CODE REGISTER'!$B$6:$B$49,0)),"") -> Breakdown:Component change out
B16: 46275 | C16: Y | D16: 10165 | E16: 10165 | F16: =IF(OR($E16="",$D16=""),"",MAX(0,$E16-$D16)) -> 0 | G16: BD-CC | I16: 18 | J16: =IF($C16="Y",'SETUP & TARGETS'!$C$7,0) -> 18 | K16: =$K15+$J16 -> 180 | L16: =$L15+N($F16) -> 0 | M16: =IFERROR($L16/$K16,0) -> 0 | N16: =IF($F16="","",IFERROR($F16/'SETUP & TARGETS'!$C7,0)) -> 0 | O16: =IF(OR($C16<>"Y",COUNT($D16,$E16,$H16,$I16)=0),"",MAX(0,IFERROR(('SETUP & TARGETS'!$C$10-N($I16))/'SETUP & TARGETS'!$C$10,0))) -> 0 | P16: =IF($K16=0,"",IF($M16>='SETUP & TARGETS'!$C11,"GREEN",IF($M16>='SETUP & TARGETS'!$C13,"AMBER","RED"))) -> RED | Q16: =IFERROR(INDEX('DELAY CODE REGISTER'!$C$6:$C$49,MATCH(G16,'DELAY CODE REGISTER'!$B$6:$B$49,0)),"") -> Breakdown:Component change out
B17: 46276 | C17: Y | D17: 10165 | E17: 10165 | F17: =IF(OR($E17="",$D17=""),"",MAX(0,$E17-$D17)) -> 0 | G17: BD-CC | I17: 18 | J17: =IF($C17="Y",'SETUP & TARGETS'!$C$7,0) -> 18 | K17: =$K16+$J17 -> 198 | L17: =$L16+N($F17) -> 0 | M17: =IFERROR($L17/$K17,0) -> 0 | N17: =IF($F17="","",IFERROR($F17/'SETUP & TARGETS'!$C7,0)) -> 0 | O17: =IF(OR($C17<>"Y",COUNT($D17,$E17,$H17,$I17)=0),"",MAX(0,IFERROR(('SETUP & TARGETS'!$C$10-N($I17))/'SETUP & TARGETS'!$C$10,0))) -> 0 | P17: =IF($K17=0,"",IF($M17>='SETUP & TARGETS'!$C11,"GREEN",IF($M17>='SETUP & TARGETS'!$C13,"AMBER","RED"))) -> RED | Q17: =IFERROR(INDEX('DELAY CODE REGISTER'!$C$6:$C$49,MATCH(G17,'DELAY CODE REGISTER'!$B$6:$B$49,0)),"") -> Breakdown:Component change out
B18: 46277 | C18: Y | D18: 10165 | E18: 10165 | F18: =IF(OR($E18="",$D18=""),"",MAX(0,$E18-$D18)) -> 0 | G18: BD-CC | I18: 18 | J18: =IF($C18="Y",'SETUP & TARGETS'!$C$7,0) -> 18 | K18: =$K17+$J18 -> 216 | L18: =$L17+N($F18) -> 0 | M18: =IFERROR($L18/$K18,0) -> 0 | N18: =IF($F18="","",IFERROR($F18/'SETUP & TARGETS'!$C7,0)) -> 0 | O18: =IF(OR($C18<>"Y",COUNT($D18,$E18,$H18,$I18)=0),"",MAX(0,IFERROR(('SETUP & TARGETS'!$C$10-N($I18))/'SETUP & TARGETS'!$C$10,0))) -> 0 | P18: =IF($K18=0,"",IF($M18>='SETUP & TARGETS'!$C11,"GREEN",IF($M18>='SETUP & TARGETS'!$C13,"AMBER","RED"))) -> RED | Q18: =IFERROR(INDEX('DELAY CODE REGISTER'!$C$6:$C$49,MATCH(G18,'DELAY CODE REGISTER'!$B$6:$B$49,0)),"") -> Breakdown:Component change out
B19: 46278 | C19: Y | D19: 10165 | E19: 10165 | F19: =IF(OR($E19="",$D19=""),"",MAX(0,$E19-$D19)) -> 0 | G19: BD-CC | I19: 18 | J19: =IF($C19="Y",'SETUP & TARGETS'!$C$7,0) -> 18 | K19: =$K18+$J19 -> 234 | L19: =$L18+N($F19) -> 0 | M19: =IFERROR($L19/$K19,0) -> 0 | N19: =IF($F19="","",IFERROR($F19/'SETUP & TARGETS'!$C7,0)) -> 0 | O19: =IF(OR($C19<>"Y",COUNT($D19,$E19,$H19,$I19)=0),"",MAX(0,IFERROR(('SETUP & TARGETS'!$C$10-N($I19))/'SETUP & TARGETS'!$C$10,0))) -> 0 | P19: =IF($K19=0,"",IF($M19>='SETUP & TARGETS'!$C11,"GREEN",IF($M19>='SETUP & TARGETS'!$C13,"AMBER","RED"))) -> RED | Q19: =IFERROR(INDEX('DELAY CODE REGISTER'!$C$6:$C$49,MATCH(G19,'DELAY CODE REGISTER'!$B$6:$B$49,0)),"") -> Breakdown:Component change out
B20: 46279 | C20: Y | D20: 10165 | E20: 10165 | F20: =IF(OR($E20="",$D20=""),"",MAX(0,$E20-$D20)) -> 0 | G20: BD-CC | I20: 18 | J20: =IF($C20="Y",'SETUP & TARGETS'!$C$7,0) -> 18 | K20: =$K19+$J20 -> 252 | L20: =$L19+N($F20) -> 0 | M20: =IFERROR($L20/$K20,0) -> 0 | N20: =IF($F20="","",IFERROR($F20/'SETUP & TARGETS'!$C7,0)) -> 0 | O20: =IF(OR($C20<>"Y",COUNT($D20,$E20,$H20,$I20)=0),"",MAX(0,IFERROR(('SETUP & TARGETS'!$C$10-N($I20))/'SETUP & TARGETS'!$C$10,0))) -> 0 | P20: =IF($K20=0,"",IF($M20>='SETUP & TARGETS'!$C11,"GREEN",IF($M20>='SETUP & TARGETS'!$C13,"AMBER","RED"))) -> RED | Q20: =IFERROR(INDEX('DELAY CODE REGISTER'!$C$6:$C$49,MATCH(G20,'DELAY CODE REGISTER'!$B$6:$B$49,0)),"") -> Breakdown:Component change out
B21: 46280 | C21: Y | D21: 10165 | E21: 10165 | F21: =IF(OR($E21="",$D21=""),"",MAX(0,$E21-$D21)) -> 0 | G21: BD-CC | I21: 18 | J21: =IF($C21="Y",'SETUP & TARGETS'!$C$7,0) -> 18 | K21: =$K20+$J21 -> 270 | L21: =$L20+N($F21) -> 0 | M21: =IFERROR($L21/$K21,0) -> 0 | N21: =IF($F21="","",IFERROR($F21/'SETUP & TARGETS'!$C7,0)) -> 0 | O21: =IF(OR($C21<>"Y",COUNT($D21,$E21,$H21,$I21)=0),"",MAX(0,IFERROR(('SETUP & TARGETS'!$C$10-N($I21))/'SETUP & TARGETS'!$C$10,0))) -> 0 | P21: =IF($K21=0,"",IF($M21>='SETUP & TARGETS'!$C11,"GREEN",IF($M21>='SETUP & TARGETS'!$C13,"AMBER","RED"))) -> RED | Q21: =IFERROR(INDEX('DELAY CODE REGISTER'!$C$6:$C$49,MATCH(G21,'DELAY CODE REGISTER'!$B$6:$B$49,0)),"") -> Breakdown:Component change out
B22: 46281 | C22: Y | F22: =IF(OR($E22="",$D22=""),"",MAX(0,$E22-$D22)) | J22: =IF($C22="Y",'SETUP & TARGETS'!$C$7,0) -> 18 | K22: =$K21+$J22 -> 288 | L22: =$L21+N($F22) -> 0 | M22: =IFERROR($L22/$K22,0) -> 0 | N22: =IF($F22="","",IFERROR($F22/'SETUP & TARGETS'!$C7,0)) | O22: =IF(OR($C22<>"Y",COUNT($D22,$E22,$H22,$I22)=0),"",MAX(0,IFERROR(('SETUP & TARGETS'!$C$10-N($I22))/'SETUP & TARGETS'!$C$10,0))) | P22: =IF($K22=0,"",IF($M22>='SETUP & TARGETS'!$C11,"GREEN",IF($M22>='SETUP & TARGETS'!$C13,"AMBER","RED"))) -> RED | Q22: =IFERROR(INDEX('DELAY CODE REGISTER'!$C$6:$C$49,MATCH(G22,'DELAY CODE REGISTER'!$B$6:$B$49,0)),"")
B23: 46282 | C23: Y | F23: =IF(OR($E23="",$D23=""),"",MAX(0,$E23-$D23)) | J23: =IF($C23="Y",'SETUP & TARGETS'!$C$7,0) -> 18 | K23: =$K22+$J23 -> 306 | L23: =$L22+N($F23) -> 0 | M23: =IFERROR($L23/$K23,0) -> 0 | N23: =IF($F23="","",IFERROR($F23/'SETUP & TARGETS'!$C7,0)) | O23: =IF(OR($C23<>"Y",COUNT($D23,$E23,$H23,$I23)=0),"",MAX(0,IFERROR(('SETUP & TARGETS'!$C$10-N($I23))/'SETUP & TARGETS'!$C$10,0))) | P23: =IF($K23=0,"",IF($M23>='SETUP & TARGETS'!$C11,"GREEN",IF($M23>='SETUP & TARGETS'!$C13,"AMBER","RED"))) -> RED | Q23: =IFERROR(INDEX('DELAY CODE REGISTER'!$C$6:$C$49,MATCH(G23,'DELAY CODE REGISTER'!$B$6:$B$49,0)),"")
B24: 46283 | C24: Y | F24: =IF(OR($E24="",$D24=""),"",MAX(0,$E24-$D24)) | J24: =IF($C24="Y",'SETUP & TARGETS'!$C$7,0) -> 18 | K24: =$K23+$J24 -> 324 | L24: =$L23+N($F24) -> 0 | M24: =IFERROR($L24/$K24,0) -> 0 | N24: =IF($F24="","",IFERROR($F24/'SETUP & TARGETS'!$C7,0)) | O24: =IF(OR($C24<>"Y",COUNT($D24,$E24,$H24,$I24)=0),"",MAX(0,IFERROR(('SETUP & TARGETS'!$C$10-N($I24))/'SETUP & TARGETS'!$C$10,0))) | P24: =IF($K24=0,"",IF($M24>='SETUP & TARGETS'!$C11,"GREEN",IF($M24>='SETUP & TARGETS'!$C13,"AMBER","RED"))) -> RED | Q24: =IFERROR(INDEX('DELAY CODE REGISTER'!$C$6:$C$49,MATCH(G24,'DELAY CODE REGISTER'!$B$6:$B$49,0)),"")
B25: 46284 | C25: Y | F25: =IF(OR($E25="",$D25=""),"",MAX(0,$E25-$D25)) | J25: =IF($C25="Y",'SETUP & TARGETS'!$C$7,0) -> 18 | K25: =$K24+$J25 -> 342 | L25: =$L24+N($F25) -> 0 | M25: =IFERROR($L25/$K25,0) -> 0 | N25: =IF($F25="","",IFERROR($F25/'SETUP & TARGETS'!$C7,0)) | O25: =IF(OR($C25<>"Y",COUNT($D25,$E25,$H25,$I25)=0),"",MAX(0,IFERROR(('SETUP & TARGETS'!$C$10-N($I25))/'SETUP & TARGETS'!$C$10,0))) | P25: =IF($K25=0,"",IF($M25>='SETUP & TARGETS'!$C11,"GREEN",IF($M25>='SETUP & TARGETS'!$C13,"AMBER","RED"))) -> RED | Q25: =IFERROR(INDEX('DELAY CODE REGISTER'!$C$6:$C$49,MATCH(G25,'DELAY CODE REGISTER'!$B$6:$B$49,0)),"")
B26: 46285 | C26: Y | F26: =IF(OR($E26="",$D26=""),"",MAX(0,$E26-$D26)) | J26: =IF($C26="Y",'SETUP & TARGETS'!$C$7,0) -> 18 | K26: =$K25+$J26 -> 360 | L26: =$L25+N($F26) -> 0 | M26: =IFERROR($L26/$K26,0) -> 0 | N26: =IF($F26="","",IFERROR($F26/'SETUP & TARGETS'!$C7,0)) | O26: =IF(OR($C26<>"Y",COUNT($D26,$E26,$H26,$I26)=0),"",MAX(0,IFERROR(('SETUP & TARGETS'!$C$10-N($I26))/'SETUP & TARGETS'!$C$10,0))) | P26: =IF($K26=0,"",IF($M26>='SETUP & TARGETS'!$C11,"GREEN",IF($M26>='SETUP & TARGETS'!$C13,"AMBER","RED"))) -> RED | Q26: =IFERROR(INDEX('DELAY CODE REGISTER'!$C$6:$C$49,MATCH(G26,'DELAY CODE REGISTER'!$B$6:$B$49,0)),"")
B27: 46286 | C27: Y | F27: =IF(OR($E27="",$D27=""),"",MAX(0,$E27-$D27)) | J27: =IF($C27="Y",'SETUP & TARGETS'!$C$7,0) -> 18 | K27: =$K26+$J27 -> 378 | L27: =$L26+N($F27) -> 0 | M27: =IFERROR($L27/$K27,0) -> 0 | N27: =IF($F27="","",IFERROR($F27/'SETUP & TARGETS'!$C7,0)) | O27: =IF(OR($C27<>"Y",COUNT($D27,$E27,$H27,$I27)=0),"",MAX(0,IFERROR(('SETUP & TARGETS'!$C$10-N($I27))/'SETUP & TARGETS'!$C$10,0))) | P27: =IF($K27=0,"",IF($M27>='SETUP & TARGETS'!$C11,"GREEN",IF($M27>='SETUP & TARGETS'!$C13,"AMBER","RED"))) -> RED | Q27: =IFERROR(INDEX('DELAY CODE REGISTER'!$C$6:$C$49,MATCH(G27,'DELAY CODE REGISTER'!$B$6:$B$49,0)),"")
B28: 46287 | C28: Y | F28: =IF(OR($E28="",$D28=""),"",MAX(0,$E28-$D28)) | J28: =IF($C28="Y",'SETUP & TARGETS'!$C$7,0) -> 18 | K28: =$K27+$J28 -> 396 | L28: =$L27+N($F28) -> 0 | M28: =IFERROR($L28/$K28,0) -> 0 | N28: =IF($F28="","",IFERROR($F28/'SETUP & TARGETS'!$C7,0)) | O28: =IF(OR($C28<>"Y",COUNT($D28,$E28,$H28,$I28)=0),"",MAX(0,IFERROR(('SETUP & TARGETS'!$C$10-N($I28))/'SETUP & TARGETS'!$C$10,0))) | P28: =IF($K28=0,"",IF($M28>='SETUP & TARGETS'!$C11,"GREEN",IF($M28>='SETUP & TARGETS'!$C13,"AMBER","RED"))) -> RED | Q28: =IFERROR(INDEX('DELAY CODE REGISTER'!$C$6:$C$49,MATCH(G28,'DELAY CODE REGISTER'!$B$6:$B$49,0)),"")
B29: 46288 | C29: Y | F29: =IF(OR($E29="",$D29=""),"",MAX(0,$E29-$D29)) | J29: =IF($C29="Y",'SETUP & TARGETS'!$C$7,0) -> 18 | K29: =$K28+$J29 -> 414 | L29: =$L28+N($F29) -> 0 | M29: =IFERROR($L29/$K29,0) -> 0 | N29: =IF($F29="","",IFERROR($F29/'SETUP & TARGETS'!$C7,0)) | O29: =IF(OR($C29<>"Y",COUNT($D29,$E29,$H29,$I29)=0),"",MAX(0,IFERROR(('SETUP & TARGETS'!$C$10-N($I29))/'SETUP & TARGETS'!$C$10,0))) | P29: =IF($K29=0,"",IF($M29>='SETUP & TARGETS'!$C11,"GREEN",IF($M29>='SETUP & TARGETS'!$C13,"AMBER","RED"))) -> RED | Q29: =IFERROR(INDEX('DELAY CODE REGISTER'!$C$6:$C$49,MATCH(G29,'DELAY CODE REGISTER'!$B$6:$B$49,0)),"")
B30: 46289 | C30: Y | F30: =IF(OR($E30="",$D30=""),"",MAX(0,$E30-$D30)) | J30: =IF($C30="Y",'SETUP & TARGETS'!$C$7,0) -> 18 | K30: =$K29+$J30 -> 432 | L30: =$L29+N($F30) -> 0 | M30: =IFERROR($L30/$K30,0) -> 0 | N30: =IF($F30="","",IFERROR($F30/'SETUP & TARGETS'!$C7,0)) | O30: =IF(OR($C30<>"Y",COUNT($D30,$E30,$H30,$I30)=0),"",MAX(0,IFERROR(('SETUP & TARGETS'!$C$10-N($I30))/'SETUP & TARGETS'!$C$10,0))) | P30: =IF($K30=0,"",IF($M30>='SETUP & TARGETS'!$C11,"GREEN",IF($M30>='SETUP & TARGETS'!$C13,"AMBER","RED"))) -> RED | Q30: =IFERROR(INDEX('DELAY CODE REGISTER'!$C$6:$C$49,MATCH(G30,'DELAY CODE REGISTER'!$B$6:$B$49,0)),"")
B31: 46290 | C31: Y | F31: =IF(OR($E31="",$D31=""),"",MAX(0,$E31-$D31)) | J31: =IF($C31="Y",'SETUP & TARGETS'!$C$7,0) -> 18 | K31: =$K30+$J31 -> 450 | L31: =$L30+N($F31) -> 0 | M31: =IFERROR($L31/$K31,0) -> 0 | N31: =IF($F31="","",IFERROR($F31/'SETUP & TARGETS'!$C7,0)) | O31: =IF(OR($C31<>"Y",COUNT($D31,$E31,$H31,$I31)=0),"",MAX(0,IFERROR(('SETUP & TARGETS'!$C$10-N($I31))/'SETUP & TARGETS'!$C$10,0))) | P31: =IF($K31=0,"",IF($M31>='SETUP & TARGETS'!$C11,"GREEN",IF($M31>='SETUP & TARGETS'!$C13,"AMBER","RED"))) -> RED | Q31: =IFERROR(INDEX('DELAY CODE REGISTER'!$C$6:$C$49,MATCH(G31,'DELAY CODE REGISTER'!$B$6:$B$49,0)),"")
B32: 46291 | C32: Y | F32: =IF(OR($E32="",$D32=""),"",MAX(0,$E32-$D32)) | J32: =IF($C32="Y",'SETUP & TARGETS'!$C$7,0) -> 18 | K32: =$K31+$J32 -> 468 | L32: =$L31+N($F32) -> 0 | M32: =IFERROR($L32/$K32,0) -> 0 | N32: =IF($F32="","",IFERROR($F32/'SETUP & TARGETS'!$C7,0)) | O32: =IF(OR($C32<>"Y",COUNT($D32,$E32,$H32,$I32)=0),"",MAX(0,IFERROR(('SETUP & TARGETS'!$C$10-N($I32))/'SETUP & TARGETS'!$C$10,0))) | P32: =IF($K32=0,"",IF($M32>='SETUP & TARGETS'!$C11,"GREEN",IF($M32>='SETUP & TARGETS'!$C13,"AMBER","RED"))) -> RED | Q32: =IFERROR(INDEX('DELAY CODE REGISTER'!$C$6:$C$49,MATCH(G32,'DELAY CODE REGISTER'!$B$6:$B$49,0)),"")
B33: 46292 | C33: Y | F33: =IF(OR($E33="",$D33=""),"",MAX(0,$E33-$D33)) | J33: =IF($C33="Y",'SETUP & TARGETS'!$C$7,0) -> 18 | K33: =$K32+$J33 -> 486 | L33: =$L32+N($F33) -> 0 | M33: =IFERROR($L33/$K33,0) -> 0 | N33: =IF($F33="","",IFERROR($F33/'SETUP & TARGETS'!$C7,0)) | O33: =IF(OR($C33<>"Y",COUNT($D33,$E33,$H33,$I33)=0),"",MAX(0,IFERROR(('SETUP & TARGETS'!$C$10-N($I33))/'SETUP & TARGETS'!$C$10,0))) | P33: =IF($K33=0,"",IF($M33>='SETUP & TARGETS'!$C11,"GREEN",IF($M33>='SETUP & TARGETS'!$C13,"AMBER","RED"))) -> RED | Q33: =IFERROR(INDEX('DELAY CODE REGISTER'!$C$6:$C$49,MATCH(G33,'DELAY CODE REGISTER'!$B$6:$B$49,0)),"")
B34: 46293 | C34: Y | F34: =IF(OR($E34="",$D34=""),"",MAX(0,$E34-$D34)) | J34: =IF($C34="Y",'SETUP & TARGETS'!$C$7,0) -> 18 | K34: =$K33+$J34 -> 504 | L34: =$L33+N($F34) -> 0 | M34: =IFERROR($L34/$K34,0) -> 0 | N34: =IF($F34="","",IFERROR($F34/'SETUP & TARGETS'!$C7,0)) | O34: =IF(OR($C34<>"Y",COUNT($D34,$E34,$H34,$I34)=0),"",MAX(0,IFERROR(('SETUP & TARGETS'!$C$10-N($I34))/'SETUP & TARGETS'!$C$10,0))) | P34: =IF($K34=0,"",IF($M34>='SETUP & TARGETS'!$C11,"GREEN",IF($M34>='SETUP & TARGETS'!$C13,"AMBER","RED"))) -> RED | Q34: =IFERROR(INDEX('DELAY CODE REGISTER'!$C$6:$C$49,MATCH(G34,'DELAY CODE REGISTER'!$B$6:$B$49,0)),"")
B35: 46294 | C35: Y | F35: =IF(OR($E35="",$D35=""),"",MAX(0,$E35-$D35)) | J35: =IF($C35="Y",'SETUP & TARGETS'!$C$7,0) -> 18 | K35: =$K34+$J35 -> 522 | L35: =$L34+N($F35) -> 0 | M35: =IFERROR($L35/$K35,0) -> 0 | N35: =IF($F35="","",IFERROR($F35/'SETUP & TARGETS'!$C7,0)) | O35: =IF(OR($C35<>"Y",COUNT($D35,$E35,$H35,$I35)=0),"",MAX(0,IFERROR(('SETUP & TARGETS'!$C$10-N($I35))/'SETUP & TARGETS'!$C$10,0))) | P35: =IF($K35=0,"",IF($M35>='SETUP & TARGETS'!$C11,"GREEN",IF($M35>='SETUP & TARGETS'!$C13,"AMBER","RED"))) -> RED | Q35: =IFERROR(INDEX('DELAY CODE REGISTER'!$C$6:$C$49,MATCH(G35,'DELAY CODE REGISTER'!$B$6:$B$49,0)),"")
B36: 46295 | C36: Y | F36: =IF(OR($E36="",$D36=""),"",MAX(0,$E36-$D36)) | J36: =IF($C36="Y",'SETUP & TARGETS'!$C$7,0) -> 18 | K36: =$K35+$J36 -> 540 | L36: =$L35+N($F36) -> 0 | M36: =IFERROR($L36/$K36,0) -> 0 | N36: =IF($F36="","",IFERROR($F36/'SETUP & TARGETS'!$C7,0)) | O36: =IF(OR($C36<>"Y",COUNT($D36,$E36,$H36,$I36)=0),"",MAX(0,IFERROR(('SETUP & TARGETS'!$C$10-N($I36))/'SETUP & TARGETS'!$C$10,0))) | P36: =IF($K36=0,"",IF($M36>='SETUP & TARGETS'!$C11,"GREEN",IF($M36>='SETUP & TARGETS'!$C13,"AMBER","RED"))) -> RED | Q36: =IFERROR(INDEX('DELAY CODE REGISTER'!$C$6:$C$49,MATCH(G36,'DELAY CODE REGISTER'!$B$6:$B$49,0)),"")
C37: Y | F37: =IF(OR($E37="",$D37=""),"",MAX(0,$E37-$D37)) | J37: =IF($C37="Y",'SETUP & TARGETS'!$C$7,0) -> 18 | K37: =$K36+$J37 -> 558 | L37: =$L36+N($F37) -> 0 | M37: =IFERROR($L37/$K37,0) -> 0 | N37: =IF($F37="","",IFERROR($F37/'SETUP & TARGETS'!$C7,0)) | O37: =IF(OR($C37<>"Y",COUNT($D37,$E37,$H37,$I37)=0),"",MAX(0,IFERROR(('SETUP & TARGETS'!$C$10-N($I37))/'SETUP & TARGETS'!$C$10,0))) | P37: =IF($K37=0,"",IF($M37>='SETUP & TARGETS'!$C11,"GREEN",IF($M37>='SETUP & TARGETS'!$C13,"AMBER","RED"))) -> RED | Q37: =IFERROR(INDEX('DELAY CODE REGISTER'!$C$6:$C$49,MATCH(G37,'DELAY CODE REGISTER'!$B$6:$B$49,0)),"")
B38: MONTH TOTAL | F38: =SUM(F7:F37) -> 0 | H38: =SUM(H7:H37) -> 0 | I38: =SUM(I7:I37) -> 270 | J38: =SUM(J7:J37) -> 558 | K38: =K37 -> 558 | L38: =L37 -> 0 | M38: =IFERROR(L38/K38,0) -> 0 | N38: =IFERROR(F38/'SETUP & TARGETS'!$C9,0) -> 0 | O38: =IF(COUNT(O7:O37)=0,0,AVERAGE(O7:O37)) -> 0

Sheet CRT221
B2: EQUIPMENT LOG | CRT221 - CAT 773 RDT
B3: Exxaro Grootegeluk | PLANT OPTIMIZATION
B6: DATE | C6: WORK DAY | D6: OPENING ENG HRS | E6: CLOSING ENG HRS | F6: DIRECT OPS HRS | G6: DELAY CODE(S) | H6: OPS DELAY HRS | I6: B/DOWN HRS | J6: DAILY TARGET | K6: CUM TARGET | L6: CUM ACTUAL | M6: CUM ACHIEVED | N6: DAILY UTIL % | O6: DAILY AVAIL % | P6: RAG | Q6: COMMENTS / DETAILS
B7: 46266 | C7: Y | D7: 10208 | E7: 10225 | F7: =IF(OR($E7="",$D7=""),"",MAX(0,$E7-$D7)) -> 17 | G7: OD-U | H7: 1 | J7: =IF($C7="Y",'SETUP & TARGETS'!$C7,0) -> 18 | K7: =0+$J7 -> 18 | L7: =0+N($F7) -> 17 | M7: =IFERROR($L7/$K7,0) -> 0.94444444 | N7: =IF($F7="","",IFERROR($F7/'SETUP & TARGETS'!$C7,0)) -> 0.94444444 | O7: =IF(OR($C7<>"Y",COUNT($D7,$E7,$H7,$I7)=0),"",MAX(0,IFERROR(('SETUP & TARGETS'!$C$10-N($I7))/'SETUP & TARGETS'!$C$10,0))) -> 1 | P7: =IF($K7=0,"",IF($M7>='SETUP & TARGETS'!$C11,"GREEN",IF($M7>='SETUP & TARGETS'!$C13,"AMBER","RED"))) -> GREEN | Q7: =IFERROR(INDEX('DELAY CODE REGISTER'!$C$6:$C$49,MATCH(G7,'DELAY CODE REGISTER'!$B$6:$B$49,0)),"") -> Under Utilization
B8: 46267 | C8: Y | D8: 10225 | E8: 10243 | F8: =IF(OR($E8="",$D8=""),"",MAX(0,$E8-$D8)) -> 18 | G8: OD-U | H8: 0 | J8: =IF($C8="Y",'SETUP & TARGETS'!$C7,0) -> 18 | K8: =$K7+$J8 -> 36 | L8: =$L7+N($F8) -> 35 | M8: =IFERROR($L8/$K8,0) -> 0.97222222 | N8: =IF($F8="","",IFERROR($F8/'SETUP & TARGETS'!$C7,0)) -> 1 | O8: =IF(OR($C8<>"Y",COUNT($D8,$E8,$H8,$I8)=0),"",MAX(0,IFERROR(('SETUP & TARGETS'!$C$10-N($I8))/'SETUP & TARGETS'!$C$10,0))) -> 1 | P8: =IF($K8=0,"",IF($M8>='SETUP & TARGETS'!$C11,"GREEN",IF($M8>='SETUP & TARGETS'!$C13,"AMBER","RED"))) -> GREEN | Q8: =IFERROR(INDEX('DELAY CODE REGISTER'!$C$6:$C$49,MATCH(G8,'DELAY CODE REGISTER'!$B$6:$B$49,0)),"") -> Under Utilization
B9: 46268 | C9: Y | D9: 10243 | E9: 10261 | F9: =IF(OR($E9="",$D9=""),"",MAX(0,$E9-$D9)) -> 18 | G9: OD-U | H9: 0 | J9: =IF($C9="Y",'SETUP & TARGETS'!$C7,0) -> 18 | K9: =$K8+$J9 -> 54 | L9: =$L8+N($F9) -> 53 | M9: =IFERROR($L9/$K9,0) -> 0.98148148 | N9: =IF($F9="","",IFERROR($F9/'SETUP & TARGETS'!$C7,0)) -> 1 | O9: =IF(OR($C9<>"Y",COUNT($D9,$E9,$H9,$I9)=0),"",MAX(0,IFERROR(('SETUP & TARGETS'!$C$10-N($I9))/'SETUP & TARGETS'!$C$10,0))) -> 1 | P9: =IF($K9=0,"",IF($M9>='SETUP & TARGETS'!$C11,"GREEN",IF($M9>='SETUP & TARGETS'!$C13,"AMBER","RED"))) -> GREEN | Q9: =IFERROR(INDEX('DELAY CODE REGISTER'!$C$6:$C$49,MATCH(G9,'DELAY CODE REGISTER'!$B$6:$B$49,0)),"") -> Under Utilization
B10: 46269 | C10: Y | D10: 10261 | E10: 10268 | F10: =IF(OR($E10="",$D10=""),"",MAX(0,$E10-$D10)) -> 7 | G10: OD-U | H10: 11 | J10: =IF($C10="Y",'SETUP & TARGETS'!$C7,0) -> 18 | K10: =$K9+$J10 -> 72 | L10: =$L9+N($F10) -> 60 | M10: =IFERROR($L10/$K10,0) -> 0.83333333 | N10: =IF($F10="","",IFERROR($F10/'SETUP & TARGETS'!$C7,0)) -> 0.38888889 | O10: =IF(OR($C10<>"Y",COUNT($D10,$E10,$H10,$I10)=0),"",MAX(0,IFERROR(('SETUP & TARGETS'!$C$10-N($I10))/'SETUP & TARGETS'!$C$10,0))) -> 1 | P10: =IF($K10=0,"",IF($M10>='SETUP & TARGETS'!$C11,"GREEN",IF($M10>='SETUP & TARGETS'!$C13,"AMBER","RED"))) -> GREEN | Q10: =IFERROR(INDEX('DELAY CODE REGISTER'!$C$6:$C$49,MATCH(G10,'DELAY CODE REGISTER'!$B$6:$B$49,0)),"") -> Under Utilization
B11: 46270 | C11: Y | D11: 10268 | E11: 10284 | F11: =IF(OR($E11="",$D11=""),"",MAX(0,$E11-$D11)) -> 16 | G11: OD-U | H11: 2 | J11: =IF($C11="Y",'SETUP & TARGETS'!$C7,0) -> 18 | K11: =$K10+$J11 -> 90 | L11: =$L10+N($F11) -> 76 | M11: =IFERROR($L11/$K11,0) -> 0.84444444 | N11: =IF($F11="","",IFERROR($F11/'SETUP & TARGETS'!$C7,0)) -> 0.88888889 | O11: =IF(OR($C11<>"Y",COUNT($D11,$E11,$H11,$I11)=0),"",MAX(0,IFERROR(('SETUP & TARGETS'!$C$10-N($I11))/'SETUP & TARGETS'!$C$10,0))) -> 1 | P11: =IF($K11=0,"",IF($M11>='SETUP & TARGETS'!$C11,"GREEN",IF($M11>='SETUP & TARGETS'!$C13,"AMBER","RED"))) -> GREEN | Q11: =IFERROR(INDEX('DELAY CODE REGISTER'!$C$6:$C$49,MATCH(G11,'DELAY CODE REGISTER'!$B$6:$B$49,0)),"") -> Under Utilization
B12: 46271 | C12: Y | D12: 10284 | E12: 10300 | F12: =IF(OR($E12="",$D12=""),"",MAX(0,$E12-$D12)) -> 16 | G12: OD-U | H12: 2 | J12: =IF($C12="Y",'SETUP & TARGETS'!$C7,0) -> 18 | K12: =$K11+$J12 -> 108 | L12: =$L11+N($F12) -> 92 | M12: =IFERROR($L12/$K12,0) -> 0.85185185 | N12: =IF($F12="","",IFERROR($F12/'SETUP & TARGETS'!$C7,0)) -> 0.88888889 | O12: =IF(OR($C12<>"Y",COUNT($D12,$E12,$H12,$I12)=0),"",MAX(0,IFERROR(('SETUP & TARGETS'!$C$10-N($I12))/'SETUP & TARGETS'!$C$10,0))) -> 1 | P12: =IF($K12=0,"",IF($M12>='SETUP & TARGETS'!$C11,"GREEN",IF($M12>='SETUP & TARGETS'!$C13,"AMBER","RED"))) -> GREEN | Q12: =IFERROR(INDEX('DELAY CODE REGISTER'!$C$6:$C$49,MATCH(G12,'DELAY CODE REGISTER'!$B$6:$B$49,0)),"") -> Under Utilization
B13: 46272 | C13: Y | D13: 10300 | E13: 10314 | F13: =IF(OR($E13="",$D13=""),"",MAX(0,$E13-$D13)) -> 14 | G13: OD-U | H13: 4 | J13: =IF($C13="Y",'SETUP & TARGETS'!$C7,0) -> 18 | K13: =$K12+$J13 -> 126 | L13: =$L12+N($F13) -> 106 | M13: =IFERROR($L13/$K13,0) -> 0.84126984 | N13: =IF($F13="","",IFERROR($F13/'SETUP & TARGETS'!$C7,0)) -> 0.77777778 | O13: =IF(OR($C13<>"Y",COUNT($D13,$E13,$H13,$I13)=0),"",MAX(0,IFERROR(('SETUP & TARGETS'!$C$10-N($I13))/'SETUP & TARGETS'!$C$10,0))) -> 1 | P13: =IF($K13=0,"",IF($M13>='SETUP & TARGETS'!$C11,"GREEN",IF($M13>='SETUP & TARGETS'!$C13,"AMBER","RED"))) -> GREEN | Q13: =IFERROR(INDEX('DELAY CODE REGISTER'!$C$6:$C$49,MATCH(G13,'DELAY CODE REGISTER'!$B$6:$B$49,0)),"") -> Under Utilization
B14: 46273 | C14: Y | D14: 10314 | E14: 10318 | F14: =IF(OR($E14="",$D14=""),"",MAX(0,$E14-$D14)) -> 4 | G14: ED-EL | I14: 14 | J14: =IF($C14="Y",'SETUP & TARGETS'!$C7,0) -> 18 | K14: =$K13+$J14 -> 144 | L14: =$L13+N($F14) -> 110 | M14: =IFERROR($L14/$K14,0) -> 0.76388889 | N14: =IF($F14="","",IFERROR($F14/'SETUP & TARGETS'!$C7,0)) -> 0.22222222 | O14: =IF(OR($C14<>"Y",COUNT($D14,$E14,$H14,$I14)=0),"",MAX(0,IFERROR(('SETUP & TARGETS'!$C$10-N($I14))/'SETUP & TARGETS'!$C$10,0))) -> 0.22222222 | P14: =IF($K14=0,"",IF($M14>='SETUP & TARGETS'!$C11,"GREEN",IF($M14>='SETUP & TARGETS'!$C13,"AMBER","RED"))) -> AMBER | Q14: =IFERROR(INDEX('DELAY CODE REGISTER'!$C$6:$C$49,MATCH(G14,'DELAY CODE REGISTER'!$B$6:$B$49,0)),"") -> Engineering Delay: Electrician / Electrical Fault
B15: 46274 | C15: Y | D15: 10318 | E15: 10318 | F15: =IF(OR($E15="",$D15=""),"",MAX(0,$E15-$D15)) -> 0 | G15: ED-EL | I15: 18 | J15: =IF($C15="Y",'SETUP & TARGETS'!$C7,0) -> 18 | K15: =$K14+$J15 -> 162 | L15: =$L14+N($F15) -> 110 | M15: =IFERROR($L15/$K15,0) -> 0.67901235 | N15: =IF($F15="","",IFERROR($F15/'SETUP & TARGETS'!$C7,0)) -> 0 | O15: =IF(OR($C15<>"Y",COUNT($D15,$E15,$H15,$I15)=0),"",MAX(0,IFERROR(('SETUP & TARGETS'!$C$10-N($I15))/'SETUP & TARGETS'!$C$10,0))) -> 0 | P15: =IF($K15=0,"",IF($M15>='SETUP & TARGETS'!$C11,"GREEN",IF($M15>='SETUP & TARGETS'!$C13,"AMBER","RED"))) -> RED | Q15: =IFERROR(INDEX('DELAY CODE REGISTER'!$C$6:$C$49,MATCH(G15,'DELAY CODE REGISTER'!$B$6:$B$49,0)),"") -> Engineering Delay: Electrician / Electrical Fault
B16: 46275 | C16: Y | D16: 10318 | E16: 10318 | F16: =IF(OR($E16="",$D16=""),"",MAX(0,$E16-$D16)) -> 0 | G16: ED-EL | I16: 18 | J16: =IF($C16="Y",'SETUP & TARGETS'!$C7,0) -> 18 | K16: =$K15+$J16 -> 180 | L16: =$L15+N($F16) -> 110 | M16: =IFERROR($L16/$K16,0) -> 0.61111111 | N16: =IF($F16="","",IFERROR($F16/'SETUP & TARGETS'!$C7,0)) -> 0 | O16: =IF(OR($C16<>"Y",COUNT($D16,$E16,$H16,$I16)=0),"",MAX(0,IFERROR(('SETUP & TARGETS'!$C$10-N($I16))/'SETUP & TARGETS'!$C$10,0))) -> 0 | P16: =IF($K16=0,"",IF($M16>='SETUP & TARGETS'!$C11,"GREEN",IF($M16>='SETUP & TARGETS'!$C13,"AMBER","RED"))) -> RED | Q16: =IFERROR(INDEX('DELAY CODE REGISTER'!$C$6:$C$49,MATCH(G16,'DELAY CODE REGISTER'!$B$6:$B$49,0)),"") -> Engineering Delay: Electrician / Electrical Fault
B17: 46276 | C17: Y | D17: 10318 | E17: 10318 | F17: =IF(OR($E17="",$D17=""),"",MAX(0,$E17-$D17)) -> 0 | G17: ED-EL | I17: 18 | J17: =IF($C17="Y",'SETUP & TARGETS'!$C7,0) -> 18 | K17: =$K16+$J17 -> 198 | L17: =$L16+N($F17) -> 110 | M17: =IFERROR($L17/$K17,0) -> 0.55555556 | N17: =IF($F17="","",IFERROR($F17/'SETUP & TARGETS'!$C7,0)) -> 0 | O17: =IF(OR($C17<>"Y",COUNT($D17,$E17,$H17,$I17)=0),"",MAX(0,IFERROR(('SETUP & TARGETS'!$C$10-N($I17))/'SETUP & TARGETS'!$C$10,0))) -> 0 | P17: =IF($K17=0,"",IF($M17>='SETUP & TARGETS'!$C11,"GREEN",IF($M17>='SETUP & TARGETS'!$C13,"AMBER","RED"))) -> RED | Q17: =IFERROR(INDEX('DELAY CODE REGISTER'!$C$6:$C$49,MATCH(G17,'DELAY CODE REGISTER'!$B$6:$B$49,0)),"") -> Engineering Delay: Electrician / Electrical Fault
B18: 46277 | C18: Y | D18: 10318 | E18: 10327 | F18: =IF(OR($E18="",$D18=""),"",MAX(0,$E18-$D18)) -> 9 | G18: ED-EL | I18: 9 | J18: =IF($C18="Y",'SETUP & TARGETS'!$C7,0) -> 18 | K18: =$K17+$J18 -> 216 | L18: =$L17+N($F18) -> 119 | M18: =IFERROR($L18/$K18,0) -> 0.55092593 | N18: =IF($F18="","",IFERROR($F18/'SETUP & TARGETS'!$C7,0)) -> 0.5 | O18: =IF(OR($C18<>"Y",COUNT($D18,$E18,$H18,$I18)=0),"",MAX(0,IFERROR(('SETUP & TARGETS'!$C$10-N($I18))/'SETUP & TARGETS'!$C$10,0))) -> 0.5 | P18: =IF($K18=0,"",IF($M18>='SETUP & TARGETS'!$C11,"GREEN",IF($M18>='SETUP & TARGETS'!$C13,"AMBER","RED"))) -> RED | Q18: =IFERROR(INDEX('DELAY CODE REGISTER'!$C$6:$C$49,MATCH(G18,'DELAY CODE REGISTER'!$B$6:$B$49,0)),"") -> Engineering Delay: Electrician / Electrical Fault
B19: 46278 | C19: Y | D19: 10327 | E19: 10344 | F19: =IF(OR($E19="",$D19=""),"",MAX(0,$E19-$D19)) -> 17 | G19: OD-U | H19: 1 | J19: =IF($C19="Y",'SETUP & TARGETS'!$C7,0) -> 18 | K19: =$K18+$J19 -> 234 | L19: =$L18+N($F19) -> 136 | M19: =IFERROR($L19/$K19,0) -> 0.58119658 | N19: =IF($F19="","",IFERROR($F19/'SETUP & TARGETS'!$C7,0)) -> 0.94444444 | O19: =IF(OR($C19<>"Y",COUNT($D19,$E19,$H19,$I19)=0),"",MAX(0,IFERROR(('SETUP & TARGETS'!$C$10-N($I19))/'SETUP & TARGETS'!$C$10,0))) -> 1 | P19: =IF($K19=0,"",IF($M19>='SETUP & TARGETS'!$C11,"GREEN",IF($M19>='SETUP & TARGETS'!$C13,"AMBER","RED"))) -> RED | Q19: =IFERROR(INDEX('DELAY CODE REGISTER'!$C$6:$C$49,MATCH(G19,'DELAY CODE REGISTER'!$B$6:$B$49,0)),"") -> Under Utilization
B20: 46279 | C20: Y | D20: 10344 | E20: 10360 | F20: =IF(OR($E20="",$D20=""),"",MAX(0,$E20-$D20)) -> 16 | G20: OD-U | H20: 2 | J20: =IF($C20="Y",'SETUP & TARGETS'!$C7,0) -> 18 | K20: =$K19+$J20 -> 252 | L20: =$L19+N($F20) -> 152 | M20: =IFERROR($L20/$K20,0) -> 0.6031746 | N20: =IF($F20="","",IFERROR($F20/'SETUP & TARGETS'!$C7,0)) -> 0.88888889 | O20: =IF(OR($C20<>"Y",COUNT($D20,$E20,$H20,$I20)=0),"",MAX(0,IFERROR(('SETUP & TARGETS'!$C$10-N($I20))/'SETUP & TARGETS'!$C$10,0))) -> 1 | P20: =IF($K20=0,"",IF($M20>='SETUP & TARGETS'!$C11,"GREEN",IF($M20>='SETUP & TARGETS'!$C13,"AMBER","RED"))) -> RED | Q20: =IFERROR(INDEX('DELAY CODE REGISTER'!$C$6:$C$49,MATCH(G20,'DELAY CODE REGISTER'!$B$6:$B$49,0)),"") -> Under Utilization
B21: 46280 | C21: Y | D21: 10360 | E21: 10372 | F21: =IF(OR($E21="",$D21=""),"",MAX(0,$E21-$D21)) -> 12 | G21: OD-U | H21: 6 | J21: =IF($C21="Y",'SETUP & TARGETS'!$C7,0) -> 18 | K21: =$K20+$J21 -> 270 | L21: =$L20+N($F21) -> 164 | M21: =IFERROR($L21/$K21,0) -> 0.60740741 | N21: =IF($F21="","",IFERROR($F21/'SETUP & TARGETS'!$C7,0)) -> 0.66666667 | O21: =IF(OR($C21<>"Y",COUNT($D21,$E21,$H21,$I21)=0),"",MAX(0,IFERROR(('SETUP & TARGETS'!$C$10-N($I21))/'SETUP & TARGETS'!$C$10,0))) -> 1 | P21: =IF($K21=0,"",IF($M21>='SETUP & TARGETS'!$C11,"GREEN",IF($M21>='SETUP & TARGETS'!$C13,"AMBER","RED"))) -> RED | Q21: =IFERROR(INDEX('DELAY CODE REGISTER'!$C$6:$C$49,MATCH(G21,'DELAY CODE REGISTER'!$B$6:$B$49,0)),"") -> Under Utilization
B22: 46281 | C22: Y | F22: =IF(OR($E22="",$D22=""),"",MAX(0,$E22-$D22)) | J22: =IF($C22="Y",'SETUP & TARGETS'!$C7,0) -> 18 | K22: =$K21+$J22 -> 288 | L22: =$L21+N($F22) -> 164 | M22: =IFERROR($L22/$K22,0) -> 0.56944444 | N22: =IF($F22="","",IFERROR($F22/'SETUP & TARGETS'!$C7,0)) | O22: =IF(OR($C22<>"Y",COUNT($D22,$E22,$H22,$I22)=0),"",MAX(0,IFERROR(('SETUP & TARGETS'!$C$10-N($I22))/'SETUP & TARGETS'!$C$10,0))) | P22: =IF($K22=0,"",IF($M22>='SETUP & TARGETS'!$C11,"GREEN",IF($M22>='SETUP & TARGETS'!$C13,"AMBER","RED"))) -> RED | Q22: =IFERROR(INDEX('DELAY CODE REGISTER'!$C$6:$C$49,MATCH(G22,'DELAY CODE REGISTER'!$B$6:$B$49,0)),"")
B23: 46282 | C23: Y | F23: =IF(OR($E23="",$D23=""),"",MAX(0,$E23-$D23)) | J23: =IF($C23="Y",'SETUP & TARGETS'!$C7,0) -> 18 | K23: =$K22+$J23 -> 306 | L23: =$L22+N($F23) -> 164 | M23: =IFERROR($L23/$K23,0) -> 0.53594771 | N23: =IF($F23="","",IFERROR($F23/'SETUP & TARGETS'!$C7,0)) | O23: =IF(OR($C23<>"Y",COUNT($D23,$E23,$H23,$I23)=0),"",MAX(0,IFERROR(('SETUP & TARGETS'!$C$10-N($I23))/'SETUP & TARGETS'!$C$10,0))) | P23: =IF($K23=0,"",IF($M23>='SETUP & TARGETS'!$C11,"GREEN",IF($M23>='SETUP & TARGETS'!$C13,"AMBER","RED"))) -> RED | Q23: =IFERROR(INDEX('DELAY CODE REGISTER'!$C$6:$C$49,MATCH(G23,'DELAY CODE REGISTER'!$B$6:$B$49,0)),"")
B24: 46283 | C24: Y | F24: =IF(OR($E24="",$D24=""),"",MAX(0,$E24-$D24)) | J24: =IF($C24="Y",'SETUP & TARGETS'!$C7,0) -> 18 | K24: =$K23+$J24 -> 324 | L24: =$L23+N($F24) -> 164 | M24: =IFERROR($L24/$K24,0) -> 0.50617284 | N24: =IF($F24="","",IFERROR($F24/'SETUP & TARGETS'!$C7,0)) | O24: =IF(OR($C24<>"Y",COUNT($D24,$E24,$H24,$I24)=0),"",MAX(0,IFERROR(('SETUP & TARGETS'!$C$10-N($I24))/'SETUP & TARGETS'!$C$10,0))) | P24: =IF($K24=0,"",IF($M24>='SETUP & TARGETS'!$C11,"GREEN",IF($M24>='SETUP & TARGETS'!$C13,"AMBER","RED"))) -> RED | Q24: =IFERROR(INDEX('DELAY CODE REGISTER'!$C$6:$C$49,MATCH(G24,'DELAY CODE REGISTER'!$B$6:$B$49,0)),"")
B25: 46284 | C25: Y | F25: =IF(OR($E25="",$D25=""),"",MAX(0,$E25-$D25)) | J25: =IF($C25="Y",'SETUP & TARGETS'!$C7,0) -> 18 | K25: =$K24+$J25 -> 342 | L25: =$L24+N($F25) -> 164 | M25: =IFERROR($L25/$K25,0) -> 0.47953216 | N25: =IF($F25="","",IFERROR($F25/'SETUP & TARGETS'!$C7,0)) | O25: =IF(OR($C25<>"Y",COUNT($D25,$E25,$H25,$I25)=0),"",MAX(0,IFERROR(('SETUP & TARGETS'!$C$10-N($I25))/'SETUP & TARGETS'!$C$10,0))) | P25: =IF($K25=0,"",IF($M25>='SETUP & TARGETS'!$C11,"GREEN",IF($M25>='SETUP & TARGETS'!$C13,"AMBER","RED"))) -> RED | Q25: =IFERROR(INDEX('DELAY CODE REGISTER'!$C$6:$C$49,MATCH(G25,'DELAY CODE REGISTER'!$B$6:$B$49,0)),"")
B26: 46285 | C26: Y | F26: =IF(OR($E26="",$D26=""),"",MAX(0,$E26-$D26)) | J26: =IF($C26="Y",'SETUP & TARGETS'!$C7,0) -> 18 | K26: =$K25+$J26 -> 360 | L26: =$L25+N($F26) -> 164 | M26: =IFERROR($L26/$K26,0) -> 0.45555556 | N26: =IF($F26="","",IFERROR($F26/'SETUP & TARGETS'!$C7,0)) | O26: =IF(OR($C26<>"Y",COUNT($D26,$E26,$H26,$I26)=0),"",MAX(0,IFERROR(('SETUP & TARGETS'!$C$10-N($I26))/'SETUP & TARGETS'!$C$10,0))) | P26: =IF($K26=0,"",IF($M26>='SETUP & TARGETS'!$C11,"GREEN",IF($M26>='SETUP & TARGETS'!$C13,"AMBER","RED"))) -> RED | Q26: =IFERROR(INDEX('DELAY CODE REGISTER'!$C$6:$C$49,MATCH(G26,'DELAY CODE REGISTER'!$B$6:$B$49,0)),"")
B27: 46286 | C27: Y | F27: =IF(OR($E27="",$D27=""),"",MAX(0,$E27-$D27)) | J27: =IF($C27="Y",'SETUP & TARGETS'!$C7,0) -> 18 | K27: =$K26+$J27 -> 378 | L27: =$L26+N($F27) -> 164 | M27: =IFERROR($L27/$K27,0) -> 0.43386243 | N27: =IF($F27="","",IFERROR($F27/'SETUP & TARGETS'!$C7,0)) | O27: =IF(OR($C27<>"Y",COUNT($D27,$E27,$H27,$I27)=0),"",MAX(0,IFERROR(('SETUP & TARGETS'!$C$10-N($I27))/'SETUP & TARGETS'!$C$10,0))) | P27: =IF($K27=0,"",IF($M27>='SETUP & TARGETS'!$C11,"GREEN",IF($M27>='SETUP & TARGETS'!$C13,"AMBER","RED"))) -> RED | Q27: =IFERROR(INDEX('DELAY CODE REGISTER'!$C$6:$C$49,MATCH(G27,'DELAY CODE REGISTER'!$B$6:$B$49,0)),"")
B28: 46287 | C28: Y | F28: =IF(OR($E28="",$D28=""),"",MAX(0,$E28-$D28)) | J28: =IF($C28="Y",'SETUP & TARGETS'!$C7,0) -> 18 | K28: =$K27+$J28 -> 396 | L28: =$L27+N($F28) -> 164 | M28: =IFERROR($L28/$K28,0) -> 0.41414141 | N28: =IF($F28="","",IFERROR($F28/'SETUP & TARGETS'!$C7,0)) | O28: =IF(OR($C28<>"Y",COUNT($D28,$E28,$H28,$I28)=0),"",MAX(0,IFERROR(('SETUP & TARGETS'!$C$10-N($I28))/'SETUP & TARGETS'!$C$10,0))) | P28: =IF($K28=0,"",IF($M28>='SETUP & TARGETS'!$C11,"GREEN",IF($M28>='SETUP & TARGETS'!$C13,"AMBER","RED"))) -> RED | Q28: =IFERROR(INDEX('DELAY CODE REGISTER'!$C$6:$C$49,MATCH(G28,'DELAY CODE REGISTER'!$B$6:$B$49,0)),"")
B29: 46288 | C29: Y | F29: =IF(OR($E29="",$D29=""),"",MAX(0,$E29-$D29)) | J29: =IF($C29="Y",'SETUP & TARGETS'!$C7,0) -> 18 | K29: =$K28+$J29 -> 414 | L29: =$L28+N($F29) -> 164 | M29: =IFERROR($L29/$K29,0) -> 0.39613527 | N29: =IF($F29="","",IFERROR($F29/'SETUP & TARGETS'!$C7,0)) | O29: =IF(OR($C29<>"Y",COUNT($D29,$E29,$H29,$I29)=0),"",MAX(0,IFERROR(('SETUP & TARGETS'!$C$10-N($I29))/'SETUP & TARGETS'!$C$10,0))) | P29: =IF($K29=0,"",IF($M29>='SETUP & TARGETS'!$C11,"GREEN",IF($M29>='SETUP & TARGETS'!$C13,"AMBER","RED"))) -> RED | Q29: =IFERROR(INDEX('DELAY CODE REGISTER'!$C$6:$C$49,MATCH(G29,'DELAY CODE REGISTER'!$B$6:$B$49,0)),"")
B30: 46289 | C30: Y | F30: =IF(OR($E30="",$D30=""),"",MAX(0,$E30-$D30)) | J30: =IF($C30="Y",'SETUP & TARGETS'!$C7,0) -> 18 | K30: =$K29+$J30 -> 432 | L30: =$L29+N($F30) -> 164 | M30: =IFERROR($L30/$K30,0) -> 0.37962963 | N30: =IF($F30="","",IFERROR($F30/'SETUP & TARGETS'!$C7,0)) | O30: =IF(OR($C30<>"Y",COUNT($D30,$E30,$H30,$I30)=0),"",MAX(0,IFERROR(('SETUP & TARGETS'!$C$10-N($I30))/'SETUP & TARGETS'!$C$10,0))) | P30: =IF($K30=0,"",IF($M30>='SETUP & TARGETS'!$C11,"GREEN",IF($M30>='SETUP & TARGETS'!$C13,"AMBER","RED"))) -> RED | Q30: =IFERROR(INDEX('DELAY CODE REGISTER'!$C$6:$C$49,MATCH(G30,'DELAY CODE REGISTER'!$B$6:$B$49,0)),"")
B31: 46290 | C31: Y | F31: =IF(OR($E31="",$D31=""),"",MAX(0,$E31-$D31)) | J31: =IF($C31="Y",'SETUP & TARGETS'!$C7,0) -> 18 | K31: =$K30+$J31 -> 450 | L31: =$L30+N($F31) -> 164 | M31: =IFERROR($L31/$K31,0) -> 0.36444444 | N31: =IF($F31="","",IFERROR($F31/'SETUP & TARGETS'!$C7,0)) | O31: =IF(OR($C31<>"Y",COUNT($D31,$E31,$H31,$I31)=0),"",MAX(0,IFERROR(('SETUP & TARGETS'!$C$10-N($I31))/'SETUP & TARGETS'!$C$10,0))) | P31: =IF($K31=0,"",IF($M31>='SETUP & TARGETS'!$C11,"GREEN",IF($M31>='SETUP & TARGETS'!$C13,"AMBER","RED"))) -> RED | Q31: =IFERROR(INDEX('DELAY CODE REGISTER'!$C$6:$C$49,MATCH(G31,'DELAY CODE REGISTER'!$B$6:$B$49,0)),"")
B32: 46291 | C32: Y | F32: =IF(OR($E32="",$D32=""),"",MAX(0,$E32-$D32)) | J32: =IF($C32="Y",'SETUP & TARGETS'!$C7,0) -> 18 | K32: =$K31+$J32 -> 468 | L32: =$L31+N($F32) -> 164 | M32: =IFERROR($L32/$K32,0) -> 0.35042735 | N32: =IF($F32="","",IFERROR($F32/'SETUP & TARGETS'!$C7,0)) | O32: =IF(OR($C32<>"Y",COUNT($D32,$E32,$H32,$I32)=0),"",MAX(0,IFERROR(('SETUP & TARGETS'!$C$10-N($I32))/'SETUP & TARGETS'!$C$10,0))) | P32: =IF($K32=0,"",IF($M32>='SETUP & TARGETS'!$C11,"GREEN",IF($M32>='SETUP & TARGETS'!$C13,"AMBER","RED"))) -> RED | Q32: =IFERROR(INDEX('DELAY CODE REGISTER'!$C$6:$C$49,MATCH(G32,'DELAY CODE REGISTER'!$B$6:$B$49,0)),"")
B33: 46292 | C33: Y | F33: =IF(OR($E33="",$D33=""),"",MAX(0,$E33-$D33)) | J33: =IF($C33="Y",'SETUP & TARGETS'!$C7,0) -> 18 | K33: =$K32+$J33 -> 486 | L33: =$L32+N($F33) -> 164 | M33: =IFERROR($L33/$K33,0) -> 0.33744856 | N33: =IF($F33="","",IFERROR($F33/'SETUP & TARGETS'!$C7,0)) | O33: =IF(OR($C33<>"Y",COUNT($D33,$E33,$H33,$I33)=0),"",MAX(0,IFERROR(('SETUP & TARGETS'!$C$10-N($I33))/'SETUP & TARGETS'!$C$10,0))) | P33: =IF($K33=0,"",IF($M33>='SETUP & TARGETS'!$C11,"GREEN",IF($M33>='SETUP & TARGETS'!$C13,"AMBER","RED"))) -> RED | Q33: =IFERROR(INDEX('DELAY CODE REGISTER'!$C$6:$C$49,MATCH(G33,'DELAY CODE REGISTER'!$B$6:$B$49,0)),"")
B34: 46293 | C34: Y | F34: =IF(OR($E34="",$D34=""),"",MAX(0,$E34-$D34)) | J34: =IF($C34="Y",'SETUP & TARGETS'!$C7,0) -> 18 | K34: =$K33+$J34 -> 504 | L34: =$L33+N($F34) -> 164 | M34: =IFERROR($L34/$K34,0) -> 0.32539683 | N34: =IF($F34="","",IFERROR($F34/'SETUP & TARGETS'!$C7,0)) | O34: =IF(OR($C34<>"Y",COUNT($D34,$E34,$H34,$I34)=0),"",MAX(0,IFERROR(('SETUP & TARGETS'!$C$10-N($I34))/'SETUP & TARGETS'!$C$10,0))) | P34: =IF($K34=0,"",IF($M34>='SETUP & TARGETS'!$C11,"GREEN",IF($M34>='SETUP & TARGETS'!$C13,"AMBER","RED"))) -> RED | Q34: =IFERROR(INDEX('DELAY CODE REGISTER'!$C$6:$C$49,MATCH(G34,'DELAY CODE REGISTER'!$B$6:$B$49,0)),"")
B35: 46294 | C35: Y | F35: =IF(OR($E35="",$D35=""),"",MAX(0,$E35-$D35)) | J35: =IF($C35="Y",'SETUP & TARGETS'!$C7,0) -> 18 | K35: =$K34+$J35 -> 522 | L35: =$L34+N($F35) -> 164 | M35: =IFERROR($L35/$K35,0) -> 0.31417625 | N35: =IF($F35="","",IFERROR($F35/'SETUP & TARGETS'!$C7,0)) | O35: =IF(OR($C35<>"Y",COUNT($D35,$E35,$H35,$I35)=0),"",MAX(0,IFERROR(('SETUP & TARGETS'!$C$10-N($I35))/'SETUP & TARGETS'!$C$10,0))) | P35: =IF($K35=0,"",IF($M35>='SETUP & TARGETS'!$C11,"GREEN",IF($M35>='SETUP & TARGETS'!$C13,"AMBER","RED"))) -> RED | Q35: =IFERROR(INDEX('DELAY CODE REGISTER'!$C$6:$C$49,MATCH(G35,'DELAY CODE REGISTER'!$B$6:$B$49,0)),"")
B36: 46295 | C36: Y | F36: =IF(OR($E36="",$D36=""),"",MAX(0,$E36-$D36)) | J36: =IF($C36="Y",'SETUP & TARGETS'!$C7,0) -> 18 | K36: =$K35+$J36 -> 540 | L36: =$L35+N($F36) -> 164 | M36: =IFERROR($L36/$K36,0) -> 0.3037037 | N36: =IF($F36="","",IFERROR($F36/'SETUP & TARGETS'!$C7,0)) | O36: =IF(OR($C36<>"Y",COUNT($D36,$E36,$H36,$I36)=0),"",MAX(0,IFERROR(('SETUP & TARGETS'!$C$10-N($I36))/'SETUP & TARGETS'!$C$10,0))) | P36: =IF($K36=0,"",IF($M36>='SETUP & TARGETS'!$C11,"GREEN",IF($M36>='SETUP & TARGETS'!$C13,"AMBER","RED"))) -> RED | Q36: =IFERROR(INDEX('DELAY CODE REGISTER'!$C$6:$C$49,MATCH(G36,'DELAY CODE REGISTER'!$B$6:$B$49,0)),"")
C37: Y | F37: =IF(OR($E37="",$D37=""),"",MAX(0,$E37-$D37)) | J37: =IF($C37="Y",'SETUP & TARGETS'!$C7,0) -> 18 | K37: =$K36+$J37 -> 558 | L37: =$L36+N($F37) -> 164 | M37: =IFERROR($L37/$K37,0) -> 0.29390681 | N37: =IF($F37="","",IFERROR($F37/'SETUP & TARGETS'!$C7,0)) | O37: =IF(OR($C37<>"Y",COUNT($D37,$E37,$H37,$I37)=0),"",MAX(0,IFERROR(('SETUP & TARGETS'!$C$10-N($I37))/'SETUP & TARGETS'!$C$10,0))) | P37: =IF($K37=0,"",IF($M37>='SETUP & TARGETS'!$C11,"GREEN",IF($M37>='SETUP & TARGETS'!$C13,"AMBER","RED"))) -> RED | Q37: =IFERROR(INDEX('DELAY CODE REGISTER'!$C$6:$C$49,MATCH(G37,'DELAY CODE REGISTER'!$B$6:$B$49,0)),"")
B38: MONTH TOTAL | F38: =SUM(F7:F37) -> 164 | H38: =SUM(H7:H37) -> 29 | I38: =SUM(I7:I37) -> 77 | J38: =SUM(J7:J37) -> 558 | K38: =K37 -> 558 | L38: =L37 -> 164 | M38: =IFERROR(L38/K38,0) -> 0.29390681 | N38: =IFERROR(F38/'SETUP & TARGETS'!$C9,0) -> 0.29390681 | O38: =IF(COUNT(O7:O37)=0,0,AVERAGE(O7:O37)) -> 0.71481481

Sheet CRT222
B2: EQUIPMENT LOG | CRT222 - CAT 773 RDT
B3: Exxaro Grootegeluk | PLANT OPTIMIZATION
B6: DATE | C6: WORK DAY | D6: OPENING ENG HRS | E6: CLOSING ENG HRS | F6: DIRECT OPS HRS | G6: DELAY CODE(S) | H6: OPS DELAY HRS | I6: B/DOWN HRS | J6: DAILY TARGET | K6: CUM TARGET | L6: CUM ACTUAL | M6: CUM ACHIEVED | N6: DAILY UTIL % | O6: DAILY AVAIL % | P6: RAG | Q6: COMMENTS / DETAILS
B7: 46266 | C7: Y | D7: 14195 | E7: 14193 | F7: =IF(OR($E7="",$D7=""),"",MAX(0,$E7-$D7)) -> 0 | G7: ED-PD | I7: 18 | J7: =IF($C7="Y",'SETUP & TARGETS'!$C7,0) -> 18 | K7: =0+$J7 -> 18 | L7: =0+N($F7) -> 0 | M7: =IFERROR($L7/$K7,0) -> 0 | N7: =IF($F7="","",IFERROR($F7/'SETUP & TARGETS'!$C7,0)) -> 0 | O7: =IF(OR($C7<>"Y",COUNT($D7,$E7,$H7,$I7)=0),"",MAX(0,IFERROR(('SETUP & TARGETS'!$C$10-N($I7))/'SETUP & TARGETS'!$C$10,0))) -> 0 | P7: =IF($K7=0,"",IF($M7>='SETUP & TARGETS'!$C11,"GREEN",IF($M7>='SETUP & TARGETS'!$C13,"AMBER","RED"))) -> RED | Q7: =IFERROR(INDEX('DELAY CODE REGISTER'!$C$6:$C$49,MATCH(G7,'DELAY CODE REGISTER'!$B$6:$B$49,0)),"") -> Engineering Delay: Parts / Spares Delivery
B8: 46267 | C8: Y | D8: 14193 | E8: 14193 | F8: =IF(OR($E8="",$D8=""),"",MAX(0,$E8-$D8)) -> 0 | G8: ED-PD | I8: 18 | J8: =IF($C8="Y",'SETUP & TARGETS'!$C7,0) -> 18 | K8: =$K7+$J8 -> 36 | L8: =$L7+N($F8) -> 0 | M8: =IFERROR($L8/$K8,0) -> 0 | N8: =IF($F8="","",IFERROR($F8/'SETUP & TARGETS'!$C7,0)) -> 0 | O8: =IF(OR($C8<>"Y",COUNT($D8,$E8,$H8,$I8)=0),"",MAX(0,IFERROR(('SETUP & TARGETS'!$C$10-N($I8))/'SETUP & TARGETS'!$C$10,0))) -> 0 | P8: =IF($K8=0,"",IF($M8>='SETUP & TARGETS'!$C11,"GREEN",IF($M8>='SETUP & TARGETS'!$C13,"AMBER","RED"))) -> RED | Q8: =IFERROR(INDEX('DELAY CODE REGISTER'!$C$6:$C$49,MATCH(G8,'DELAY CODE REGISTER'!$B$6:$B$49,0)),"") -> Engineering Delay: Parts / Spares Delivery
B9: 46268 | C9: Y | D9: 14193 | E9: 14193 | F9: =IF(OR($E9="",$D9=""),"",MAX(0,$E9-$D9)) -> 0 | G9: ED-PD | I9: 18 | J9: =IF($C9="Y",'SETUP & TARGETS'!$C7,0) -> 18 | K9: =$K8+$J9 -> 54 | L9: =$L8+N($F9) -> 0 | M9: =IFERROR($L9/$K9,0) -> 0 | N9: =IF($F9="","",IFERROR($F9/'SETUP & TARGETS'!$C7,0)) -> 0 | O9: =IF(OR($C9<>"Y",COUNT($D9,$E9,$H9,$I9)=0),"",MAX(0,IFERROR(('SETUP & TARGETS'!$C$10-N($I9))/'SETUP & TARGETS'!$C$10,0))) -> 0 | P9: =IF($K9=0,"",IF($M9>='SETUP & TARGETS'!$C11,"GREEN",IF($M9>='SETUP & TARGETS'!$C13,"AMBER","RED"))) -> RED | Q9: =IFERROR(INDEX('DELAY CODE REGISTER'!$C$6:$C$49,MATCH(G9,'DELAY CODE REGISTER'!$B$6:$B$49,0)),"") -> Engineering Delay: Parts / Spares Delivery
B10: 46269 | C10: Y | D10: 14193 | E10: 14193 | F10: =IF(OR($E10="",$D10=""),"",MAX(0,$E10-$D10)) -> 0 | G10: ED-PD | I10: 18 | J10: =IF($C10="Y",'SETUP & TARGETS'!$C7,0) -> 18 | K10: =$K9+$J10 -> 72 | L10: =$L9+N($F10) -> 0 | M10: =IFERROR($L10/$K10,0) -> 0 | N10: =IF($F10="","",IFERROR($F10/'SETUP & TARGETS'!$C7,0)) -> 0 | O10: =IF(OR($C10<>"Y",COUNT($D10,$E10,$H10,$I10)=0),"",MAX(0,IFERROR(('SETUP & TARGETS'!$C$10-N($I10))/'SETUP & TARGETS'!$C$10,0))) -> 0 | P10: =IF($K10=0,"",IF($M10>='SETUP & TARGETS'!$C11,"GREEN",IF($M10>='SETUP & TARGETS'!$C13,"AMBER","RED"))) -> RED | Q10: =IFERROR(INDEX('DELAY CODE REGISTER'!$C$6:$C$49,MATCH(G10,'DELAY CODE REGISTER'!$B$6:$B$49,0)),"") -> Engineering Delay: Parts / Spares Delivery
B11: 46270 | C11: Y | D11: 14193 | E11: 14193 | F11: =IF(OR($E11="",$D11=""),"",MAX(0,$E11-$D11)) -> 0 | G11: ED-PD | I11: 18 | J11: =IF($C11="Y",'SETUP & TARGETS'!$C7,0) -> 18 | K11: =$K10+$J11 -> 90 | L11: =$L10+N($F11) -> 0 | M11: =IFERROR($L11/$K11,0) -> 0 | N11: =IF($F11="","",IFERROR($F11/'SETUP & TARGETS'!$C7,0)) -> 0 | O11: =IF(OR($C11<>"Y",COUNT($D11,$E11,$H11,$I11)=0),"",MAX(0,IFERROR(('SETUP & TARGETS'!$C$10-N($I11))/'SETUP & TARGETS'!$C$10,0))) -> 0 | P11: =IF($K11=0,"",IF($M11>='SETUP & TARGETS'!$C11,"GREEN",IF($M11>='SETUP & TARGETS'!$C13,"AMBER","RED"))) -> RED | Q11: =IFERROR(INDEX('DELAY CODE REGISTER'!$C$6:$C$49,MATCH(G11,'DELAY CODE REGISTER'!$B$6:$B$49,0)),"") -> Engineering Delay: Parts / Spares Delivery
B12: 46271 | C12: Y | D12: 14193 | E12: 14193 | F12: =IF(OR($E12="",$D12=""),"",MAX(0,$E12-$D12)) -> 0 | G12: ED-PD | I12: 18 | J12: =IF($C12="Y",'SETUP & TARGETS'!$C7,0) -> 18 | K12: =$K11+$J12 -> 108 | L12: =$L11+N($F12) -> 0 | M12: =IFERROR($L12/$K12,0) -> 0 | N12: =IF($F12="","",IFERROR($F12/'SETUP & TARGETS'!$C7,0)) -> 0 | O12: =IF(OR($C12<>"Y",COUNT($D12,$E12,$H12,$I12)=0),"",MAX(0,IFERROR(('SETUP & TARGETS'!$C$10-N($I12))/'SETUP & TARGETS'!$C$10,0))) -> 0 | P12: =IF($K12=0,"",IF($M12>='SETUP & TARGETS'!$C11,"GREEN",IF($M12>='SETUP & TARGETS'!$C13,"AMBER","RED"))) -> RED | Q12: =IFERROR(INDEX('DELAY CODE REGISTER'!$C$6:$C$49,MATCH(G12,'DELAY CODE REGISTER'!$B$6:$B$49,0)),"") -> Engineering Delay: Parts / Spares Delivery
B13: 46272 | C13: Y | D13: 14193 | E13: 14193 | F13: =IF(OR($E13="",$D13=""),"",MAX(0,$E13-$D13)) -> 0 | G13: ED-PD | I13: 18 | J13: =IF($C13="Y",'SETUP & TARGETS'!$C7,0) -> 18 | K13: =$K12+$J13 -> 126 | L13: =$L12+N($F13) -> 0 | M13: =IFERROR($L13/$K13,0) -> 0 | N13: =IF($F13="","",IFERROR($F13/'SETUP & TARGETS'!$C7,0)) -> 0 | O13: =IF(OR($C13<>"Y",COUNT($D13,$E13,$H13,$I13)=0),"",MAX(0,IFERROR(('SETUP & TARGETS'!$C$10-N($I13))/'SETUP & TARGETS'!$C$10,0))) -> 0 | P13: =IF($K13=0,"",IF($M13>='SETUP & TARGETS'!$C11,"GREEN",IF($M13>='SETUP & TARGETS'!$C13,"AMBER","RED"))) -> RED | Q13: =IFERROR(INDEX('DELAY CODE REGISTER'!$C$6:$C$49,MATCH(G13,'DELAY CODE REGISTER'!$B$6:$B$49,0)),"") -> Engineering Delay: Parts / Spares Delivery
B14: 46273 | C14: Y | D14: 14193 | E14: 14193 | F14: =IF(OR($E14="",$D14=""),"",MAX(0,$E14-$D14)) -> 0 | G14: ED-PD | I14: 18 | J14: =IF($C14="Y",'SETUP & TARGETS'!$C7,0) -> 18 | K14: =$K13+$J14 -> 144 | L14: =$L13+N($F14) -> 0 | M14: =IFERROR($L14/$K14,0) -> 0 | N14: =IF($F14="","",IFERROR($F14/'SETUP & TARGETS'!$C7,0)) -> 0 | O14: =IF(OR($C14<>"Y",COUNT($D14,$E14,$H14,$I14)=0),"",MAX(0,IFERROR(('SETUP & TARGETS'!$C$10-N($I14))/'SETUP & TARGETS'!$C$10,0))) -> 0 | P14: =IF($K14=0,"",IF($M14>='SETUP & TARGETS'!$C11,"GREEN",IF($M14>='SETUP & TARGETS'!$C13,"AMBER","RED"))) -> RED | Q14: =IFERROR(INDEX('DELAY CODE REGISTER'!$C$6:$C$49,MATCH(G14,'DELAY CODE REGISTER'!$B$6:$B$49,0)),"") -> Engineering Delay: Parts / Spares Delivery
B15: 46274 | C15: Y | D15: 14193 | E15: 14212 | F15: =IF(OR($E15="",$D15=""),"",MAX(0,$E15-$D15)) -> 19 | J15: =IF($C15="Y",'SETUP & TARGETS'!$C7,0) -> 18 | K15: =$K14+$J15 -> 162 | L15: =$L14+N($F15) -> 19 | M15: =IFERROR($L15/$K15,0) -> 0.11728395 | N15: =IF($F15="","",IFERROR($F15/'SETUP & TARGETS'!$C7,0)) -> 1.0555556 | O15: =IF(OR($C15<>"Y",COUNT($D15,$E15,$H15,$I15)=0),"",MAX(0,IFERROR(('SETUP & TARGETS'!$C$10-N($I15))/'SETUP & TARGETS'!$C$10,0))) -> 1 | P15: =IF($K15=0,"",IF($M15>='SETUP & TARGETS'!$C11,"GREEN",IF($M15>='SETUP & TARGETS'!$C13,"AMBER","RED"))) -> RED | Q15: =IFERROR(INDEX('DELAY CODE REGISTER'!$C$6:$C$49,MATCH(G15,'DELAY CODE REGISTER'!$B$6:$B$49,0)),"")
B16: 46275 | C16: Y | D16: 14212 | E16: 14228 | F16: =IF(OR($E16="",$D16=""),"",MAX(0,$E16-$D16)) -> 16 | G16: OD-U | H16: 2 | J16: =IF($C16="Y",'SETUP & TARGETS'!$C7,0) -> 18 | K16: =$K15+$J16 -> 180 | L16: =$L15+N($F16) -> 35 | M16: =IFERROR($L16/$K16,0) -> 0.19444444 | N16: =IF($F16="","",IFERROR($F16/'SETUP & TARGETS'!$C7,0)) -> 0.88888889 | O16: =IF(OR($C16<>"Y",COUNT($D16,$E16,$H16,$I16)=0),"",MAX(0,IFERROR(('SETUP & TARGETS'!$C$10-N($I16))/'SETUP & TARGETS'!$C$10,0))) -> 1 | P16: =IF($K16=0,"",IF($M16>='SETUP & TARGETS'!$C11,"GREEN",IF($M16>='SETUP & TARGETS'!$C13,"AMBER","RED"))) -> RED | Q16: =IFERROR(INDEX('DELAY CODE REGISTER'!$C$6:$C$49,MATCH(G16,'DELAY CODE REGISTER'!$B$6:$B$49,0)),"") -> Under Utilization
B17: 46276 | C17: Y | D17: 14228 | E17: 14242 | F17: =IF(OR($E17="",$D17=""),"",MAX(0,$E17-$D17)) -> 14 | G17: OD-U | H17: 4 | J17: =IF($C17="Y",'SETUP & TARGETS'!$C7,0) -> 18 | K17: =$K16+$J17 -> 198 | L17: =$L16+N($F17) -> 49 | M17: =IFERROR($L17/$K17,0) -> 0.24747475 | N17: =IF($F17="","",IFERROR($F17/'SETUP & TARGETS'!$C7,0)) -> 0.77777778 | O17: =IF(OR($C17<>"Y",COUNT($D17,$E17,$H17,$I17)=0),"",MAX(0,IFERROR(('SETUP & TARGETS'!$C$10-N($I17))/'SETUP & TARGETS'!$C$10,0))) -> 1 | P17: =IF($K17=0,"",IF($M17>='SETUP & TARGETS'!$C11,"GREEN",IF($M17>='SETUP & TARGETS'!$C13,"AMBER","RED"))) -> RED | Q17: =IFERROR(INDEX('DELAY CODE REGISTER'!$C$6:$C$49,MATCH(G17,'DELAY CODE REGISTER'!$B$6:$B$49,0)),"") -> Under Utilization
B18: 46277 | C18: Y | D18: 14242 | E18: 14259 | F18: =IF(OR($E18="",$D18=""),"",MAX(0,$E18-$D18)) -> 17 | G18: OD-U | H18: 1 | J18: =IF($C18="Y",'SETUP & TARGETS'!$C7,0) -> 18 | K18: =$K17+$J18 -> 216 | L18: =$L17+N($F18) -> 66 | M18: =IFERROR($L18/$K18,0) -> 0.30555556 | N18: =IF($F18="","",IFERROR($F18/'SETUP & TARGETS'!$C7,0)) -> 0.94444444 | O18: =IF(OR($C18<>"Y",COUNT($D18,$E18,$H18,$I18)=0),"",MAX(0,IFERROR(('SETUP & TARGETS'!$C$10-N($I18))/'SETUP & TARGETS'!$C$10,0))) -> 1 | P18: =IF($K18=0,"",IF($M18>='SETUP & TARGETS'!$C11,"GREEN",IF($M18>='SETUP & TARGETS'!$C13,"AMBER","RED"))) -> RED | Q18: =IFERROR(INDEX('DELAY CODE REGISTER'!$C$6:$C$49,MATCH(G18,'DELAY CODE REGISTER'!$B$6:$B$49,0)),"") -> Under Utilization
B19: 46278 | C19: Y | D19: 14259 | E19: 14276 | F19: =IF(OR($E19="",$D19=""),"",MAX(0,$E19-$D19)) -> 17 | G19: OD-U | H19: 1 | J19: =IF($C19="Y",'SETUP & TARGETS'!$C7,0) -> 18 | K19: =$K18+$J19 -> 234 | L19: =$L18+N($F19) -> 83 | M19: =IFERROR($L19/$K19,0) -> 0.35470085 | N19: =IF($F19="","",IFERROR($F19/'SETUP & TARGETS'!$C7,0)) -> 0.94444444 | O19: =IF(OR($C19<>"Y",COUNT($D19,$E19,$H19,$I19)=0),"",MAX(0,IFERROR(('SETUP & TARGETS'!$C$10-N($I19))/'SETUP & TARGETS'!$C$10,0))) -> 1 | P19: =IF($K19=0,"",IF($M19>='SETUP & TARGETS'!$C11,"GREEN",IF($M19>='SETUP & TARGETS'!$C13,"AMBER","RED"))) -> RED | Q19: =IFERROR(INDEX('DELAY CODE REGISTER'!$C$6:$C$49,MATCH(G19,'DELAY CODE REGISTER'!$B$6:$B$49,0)),"") -> Under Utilization
B20: 46279 | C20: Y | D20: 14276 | E20: 14291 | F20: =IF(OR($E20="",$D20=""),"",MAX(0,$E20-$D20)) -> 15 | G20: OD-U | H20: 3 | J20: =IF($C20="Y",'SETUP & TARGETS'!$C7,0) -> 18 | K20: =$K19+$J20 -> 252 | L20: =$L19+N($F20) -> 98 | M20: =IFERROR($L20/$K20,0) -> 0.38888889 | N20: =IF($F20="","",IFERROR($F20/'SETUP & TARGETS'!$C7,0)) -> 0.83333333 | O20: =IF(OR($C20<>"Y",COUNT($D20,$E20,$H20,$I20)=0),"",MAX(0,IFERROR(('SETUP & TARGETS'!$C$10-N($I20))/'SETUP & TARGETS'!$C$10,0))) -> 1 | P20: =IF($K20=0,"",IF($M20>='SETUP & TARGETS'!$C11,"GREEN",IF($M20>='SETUP & TARGETS'!$C13,"AMBER","RED"))) -> RED | Q20: =IFERROR(INDEX('DELAY CODE REGISTER'!$C$6:$C$49,MATCH(G20,'DELAY CODE REGISTER'!$B$6:$B$49,0)),"") -> Under Utilization
B21: 46280 | C21: Y | D21: 14291 | E21: 14306 | F21: =IF(OR($E21="",$D21=""),"",MAX(0,$E21-$D21)) -> 15 | G21: OD-U | H21: 2 | I21: 1 | J21: =IF($C21="Y",'SETUP & TARGETS'!$C7,0) -> 18 | K21: =$K20+$J21 -> 270 | L21: =$L20+N($F21) -> 113 | M21: =IFERROR($L21/$K21,0) -> 0.41851852 | N21: =IF($F21="","",IFERROR($F21/'SETUP & TARGETS'!$C7,0)) -> 0.83333333 | O21: =IF(OR($C21<>"Y",COUNT($D21,$E21,$H21,$I21)=0),"",MAX(0,IFERROR(('SETUP & TARGETS'!$C$10-N($I21))/'SETUP & TARGETS'!$C$10,0))) -> 0.94444444 | P21: =IF($K21=0,"",IF($M21>='SETUP & TARGETS'!$C11,"GREEN",IF($M21>='SETUP & TARGETS'!$C13,"AMBER","RED"))) -> RED | Q21: =IFERROR(INDEX('DELAY CODE REGISTER'!$C$6:$C$49,MATCH(G21,'DELAY CODE REGISTER'!$B$6:$B$49,0)),"") -> Under Utilization
B22: 46281 | C22: Y | F22: =IF(OR($E22="",$D22=""),"",MAX(0,$E22-$D22)) | J22: =IF($C22="Y",'SETUP & TARGETS'!$C7,0) -> 18 | K22: =$K21+$J22 -> 288 | L22: =$L21+N($F22) -> 113 | M22: =IFERROR($L22/$K22,0) -> 0.39236111 | N22: =IF($F22="","",IFERROR($F22/'SETUP & TARGETS'!$C7,0)) | O22: =IF(OR($C22<>"Y",COUNT($D22,$E22,$H22,$I22)=0),"",MAX(0,IFERROR(('SETUP & TARGETS'!$C$10-N($I22))/'SETUP & TARGETS'!$C$10,0))) | P22: =IF($K22=0,"",IF($M22>='SETUP & TARGETS'!$C11,"GREEN",IF($M22>='SETUP & TARGETS'!$C13,"AMBER","RED"))) -> RED | Q22: =IFERROR(INDEX('DELAY CODE REGISTER'!$C$6:$C$49,MATCH(G22,'DELAY CODE REGISTER'!$B$6:$B$49,0)),"")
B23: 46282 | C23: Y | F23: =IF(OR($E23="",$D23=""),"",MAX(0,$E23-$D23)) | J23: =IF($C23="Y",'SETUP & TARGETS'!$C7,0) -> 18 | K23: =$K22+$J23 -> 306 | L23: =$L22+N($F23) -> 113 | M23: =IFERROR($L23/$K23,0) -> 0.36928105 | N23: =IF($F23="","",IFERROR($F23/'SETUP & TARGETS'!$C7,0)) | O23: =IF(OR($C23<>"Y",COUNT($D23,$E23,$H23,$I23)=0),"",MAX(0,IFERROR(('SETUP & TARGETS'!$C$10-N($I23))/'SETUP & TARGETS'!$C$10,0))) | P23: =IF($K23=0,"",IF($M23>='SETUP & TARGETS'!$C11,"GREEN",IF($M23>='SETUP & TARGETS'!$C13,"AMBER","RED"))) -> RED | Q23: =IFERROR(INDEX('DELAY CODE REGISTER'!$C$6:$C$49,MATCH(G23,'DELAY CODE REGISTER'!$B$6:$B$49,0)),"")
B24: 46283 | C24: Y | F24: =IF(OR($E24="",$D24=""),"",MAX(0,$E24-$D24)) | J24: =IF($C24="Y",'SETUP & TARGETS'!$C7,0) -> 18 | K24: =$K23+$J24 -> 324 | L24: =$L23+N($F24) -> 113 | M24: =IFERROR($L24/$K24,0) -> 0.34876543 | N24: =IF($F24="","",IFERROR($F24/'SETUP & TARGETS'!$C7,0)) | O24: =IF(OR($C24<>"Y",COUNT($D24,$E24,$H24,$I24)=0),"",MAX(0,IFERROR(('SETUP & TARGETS'!$C$10-N($I24))/'SETUP & TARGETS'!$C$10,0))) | P24: =IF($K24=0,"",IF($M24>='SETUP & TARGETS'!$C11,"GREEN",IF($M24>='SETUP & TARGETS'!$C13,"AMBER","RED"))) -> RED | Q24: =IFERROR(INDEX('DELAY CODE REGISTER'!$C$6:$C$49,MATCH(G24,'DELAY CODE REGISTER'!$B$6:$B$49,0)),"")
B25: 46284 | C25: Y | F25: =IF(OR($E25="",$D25=""),"",MAX(0,$E25-$D25)) | J25: =IF($C25="Y",'SETUP & TARGETS'!$C7,0) -> 18 | K25: =$K24+$J25 -> 342 | L25: =$L24+N($F25) -> 113 | M25: =IFERROR($L25/$K25,0) -> 0.33040936 | N25: =IF($F25="","",IFERROR($F25/'SETUP & TARGETS'!$C7,0)) | O25: =IF(OR($C25<>"Y",COUNT($D25,$E25,$H25,$I25)=0),"",MAX(0,IFERROR(('SETUP & TARGETS'!$C$10-N($I25))/'SETUP & TARGETS'!$C$10,0))) | P25: =IF($K25=0,"",IF($M25>='SETUP & TARGETS'!$C11,"GREEN",IF($M25>='SETUP & TARGETS'!$C13,"AMBER","RED"))) -> RED | Q25: =IFERROR(INDEX('DELAY CODE REGISTER'!$C$6:$C$49,MATCH(G25,'DELAY CODE REGISTER'!$B$6:$B$49,0)),"")
B26: 46285 | C26: Y | F26: =IF(OR($E26="",$D26=""),"",MAX(0,$E26-$D26)) | J26: =IF($C26="Y",'SETUP & TARGETS'!$C7,0) -> 18 | K26: =$K25+$J26 -> 360 | L26: =$L25+N($F26) -> 113 | M26: =IFERROR($L26/$K26,0) -> 0.31388889 | N26: =IF($F26="","",IFERROR($F26/'SETUP & TARGETS'!$C7,0)) | O26: =IF(OR($C26<>"Y",COUNT($D26,$E26,$H26,$I26)=0),"",MAX(0,IFERROR(('SETUP & TARGETS'!$C$10-N($I26))/'SETUP & TARGETS'!$C$10,0))) | P26: =IF($K26=0,"",IF($M26>='SETUP & TARGETS'!$C11,"GREEN",IF($M26>='SETUP & TARGETS'!$C13,"AMBER","RED"))) -> RED | Q26: =IFERROR(INDEX('DELAY CODE REGISTER'!$C$6:$C$49,MATCH(G26,'DELAY CODE REGISTER'!$B$6:$B$49,0)),"")
B27: 46286 | C27: Y | F27: =IF(OR($E27="",$D27=""),"",MAX(0,$E27-$D27)) | J27: =IF($C27="Y",'SETUP & TARGETS'!$C7,0) -> 18 | K27: =$K26+$J27 -> 378 | L27: =$L26+N($F27) -> 113 | M27: =IFERROR($L27/$K27,0) -> 0.2989418 | N27: =IF($F27="","",IFERROR($F27/'SETUP & TARGETS'!$C7,0)) | O27: =IF(OR($C27<>"Y",COUNT($D27,$E27,$H27,$I27)=0),"",MAX(0,IFERROR(('SETUP & TARGETS'!$C$10-N($I27))/'SETUP & TARGETS'!$C$10,0))) | P27: =IF($K27=0,"",IF($M27>='SETUP & TARGETS'!$C11,"GREEN",IF($M27>='SETUP & TARGETS'!$C13,"AMBER","RED"))) -> RED | Q27: =IFERROR(INDEX('DELAY CODE REGISTER'!$C$6:$C$49,MATCH(G27,'DELAY CODE REGISTER'!$B$6:$B$49,0)),"")
B28: 46287 | C28: Y | F28: =IF(OR($E28="",$D28=""),"",MAX(0,$E28-$D28)) | J28: =IF($C28="Y",'SETUP & TARGETS'!$C7,0) -> 18 | K28: =$K27+$J28 -> 396 | L28: =$L27+N($F28) -> 113 | M28: =IFERROR($L28/$K28,0) -> 0.28535354 | N28: =IF($F28="","",IFERROR($F28/'SETUP & TARGETS'!$C7,0)) | O28: =IF(OR($C28<>"Y",COUNT($D28,$E28,$H28,$I28)=0),"",MAX(0,IFERROR(('SETUP & TARGETS'!$C$10-N($I28))/'SETUP & TARGETS'!$C$10,0))) | P28: =IF($K28=0,"",IF($M28>='SETUP & TARGETS'!$C11,"GREEN",IF($M28>='SETUP & TARGETS'!$C13,"AMBER","RED"))) -> RED | Q28: =IFERROR(INDEX('DELAY CODE REGISTER'!$C$6:$C$49,MATCH(G28,'DELAY CODE REGISTER'!$B$6:$B$49,0)),"")
B29: 46288 | C29: Y | F29: =IF(OR($E29="",$D29=""),"",MAX(0,$E29-$D29)) | J29: =IF($C29="Y",'SETUP & TARGETS'!$C7,0) -> 18 | K29: =$K28+$J29 -> 414 | L29: =$L28+N($F29) -> 113 | M29: =IFERROR($L29/$K29,0) -> 0.27294686 | N29: =IF($F29="","",IFERROR($F29/'SETUP & TARGETS'!$C7,0)) | O29: =IF(OR($C29<>"Y",COUNT($D29,$E29,$H29,$I29)=0),"",MAX(0,IFERROR(('SETUP & TARGETS'!$C$10-N($I29))/'SETUP & TARGETS'!$C$10,0))) | P29: =IF($K29=0,"",IF($M29>='SETUP & TARGETS'!$C11,"GREEN",IF($M29>='SETUP & TARGETS'!$C13,"AMBER","RED"))) -> RED | Q29: =IFERROR(INDEX('DELAY CODE REGISTER'!$C$6:$C$49,MATCH(G29,'DELAY CODE REGISTER'!$B$6:$B$49,0)),"")
B30: 46289 | C30: Y | F30: =IF(OR($E30="",$D30=""),"",MAX(0,$E30-$D30)) | J30: =IF($C30="Y",'SETUP & TARGETS'!$C7,0) -> 18 | K30: =$K29+$J30 -> 432 | L30: =$L29+N($F30) -> 113 | M30: =IFERROR($L30/$K30,0) -> 0.26157407 | N30: =IF($F30="","",IFERROR($F30/'SETUP & TARGETS'!$C7,0)) | O30: =IF(OR($C30<>"Y",COUNT($D30,$E30,$H30,$I30)=0),"",MAX(0,IFERROR(('SETUP & TARGETS'!$C$10-N($I30))/'SETUP & TARGETS'!$C$10,0))) | P30: =IF($K30=0,"",IF($M30>='SETUP & TARGETS'!$C11,"GREEN",IF($M30>='SETUP & TARGETS'!$C13,"AMBER","RED"))) -> RED | Q30: =IFERROR(INDEX('DELAY CODE REGISTER'!$C$6:$C$49,MATCH(G30,'DELAY CODE REGISTER'!$B$6:$B$49,0)),"")
B31: 46290 | C31: Y | F31: =IF(OR($E31="",$D31=""),"",MAX(0,$E31-$D31)) | J31: =IF($C31="Y",'SETUP & TARGETS'!$C7,0) -> 18 | K31: =$K30+$J31 -> 450 | L31: =$L30+N($F31) -> 113 | M31: =IFERROR($L31/$K31,0) -> 0.25111111 | N31: =IF($F31="","",IFERROR($F31/'SETUP & TARGETS'!$C7,0)) | O31: =IF(OR($C31<>"Y",COUNT($D31,$E31,$H31,$I31)=0),"",MAX(0,IFERROR(('SETUP & TARGETS'!$C$10-N($I31))/'SETUP & TARGETS'!$C$10,0))) | P31: =IF($K31=0,"",IF($M31>='SETUP & TARGETS'!$C11,"GREEN",IF($M31>='SETUP & TARGETS'!$C13,"AMBER","RED"))) -> RED | Q31: =IFERROR(INDEX('DELAY CODE REGISTER'!$C$6:$C$49,MATCH(G31,'DELAY CODE REGISTER'!$B$6:$B$49,0)),"")
B32: 46291 | C32: Y | F32: =IF(OR($E32="",$D32=""),"",MAX(0,$E32-$D32)) | J32: =IF($C32="Y",'SETUP & TARGETS'!$C7,0) -> 18 | K32: =$K31+$J32 -> 468 | L32: =$L31+N($F32) -> 113 | M32: =IFERROR($L32/$K32,0) -> 0.24145299 | N32: =IF($F32="","",IFERROR($F32/'SETUP & TARGETS'!$C7,0)) | O32: =IF(OR($C32<>"Y",COUNT($D32,$E32,$H32,$I32)=0),"",MAX(0,IFERROR(('SETUP & TARGETS'!$C$10-N($I32))/'SETUP & TARGETS'!$C$10,0))) | P32: =IF($K32=0,"",IF($M32>='SETUP & TARGETS'!$C11,"GREEN",IF($M32>='SETUP & TARGETS'!$C13,"AMBER","RED"))) -> RED | Q32: =IFERROR(INDEX('DELAY CODE REGISTER'!$C$6:$C$49,MATCH(G32,'DELAY CODE REGISTER'!$B$6:$B$49,0)),"")
B33: 46292 | C33: Y | F33: =IF(OR($E33="",$D33=""),"",MAX(0,$E33-$D33)) | J33: =IF($C33="Y",'SETUP & TARGETS'!$C7,0) -> 18 | K33: =$K32+$J33 -> 486 | L33: =$L32+N($F33) -> 113 | M33: =IFERROR($L33/$K33,0) -> 0.23251029 | N33: =IF($F33="","",IFERROR($F33/'SETUP & TARGETS'!$C7,0)) | O33: =IF(OR($C33<>"Y",COUNT($D33,$E33,$H33,$I33)=0),"",MAX(0,IFERROR(('SETUP & TARGETS'!$C$10-N($I33))/'SETUP & TARGETS'!$C$10,0))) | P33: =IF($K33=0,"",IF($M33>='SETUP & TARGETS'!$C11,"GREEN",IF($M33>='SETUP & TARGETS'!$C13,"AMBER","RED"))) -> RED | Q33: =IFERROR(INDEX('DELAY CODE REGISTER'!$C$6:$C$49,MATCH(G33,'DELAY CODE REGISTER'!$B$6:$B$49,0)),"")
B34: 46293 | C34: Y | F34: =IF(OR($E34="",$D34=""),"",MAX(0,$E34-$D34)) | J34: =IF($C34="Y",'SETUP & TARGETS'!$C7,0) -> 18 | K34: =$K33+$J34 -> 504 | L34: =$L33+N($F34) -> 113 | M34: =IFERROR($L34/$K34,0) -> 0.22420635 | N34: =IF($F34="","",IFERROR($F34/'SETUP & TARGETS'!$C7,0)) | O34: =IF(OR($C34<>"Y",COUNT($D34,$E34,$H34,$I34)=0),"",MAX(0,IFERROR(('SETUP & TARGETS'!$C$10-N($I34))/'SETUP & TARGETS'!$C$10,0))) | P34: =IF($K34=0,"",IF($M34>='SETUP & TARGETS'!$C11,"GREEN",IF($M34>='SETUP & TARGETS'!$C13,"AMBER","RED"))) -> RED | Q34: =IFERROR(INDEX('DELAY CODE REGISTER'!$C$6:$C$49,MATCH(G34,'DELAY CODE REGISTER'!$B$6:$B$49,0)),"")
B35: 46294 | C35: Y | F35: =IF(OR($E35="",$D35=""),"",MAX(0,$E35-$D35)) | J35: =IF($C35="Y",'SETUP & TARGETS'!$C7,0) -> 18 | K35: =$K34+$J35 -> 522 | L35: =$L34+N($F35) -> 113 | M35: =IFERROR($L35/$K35,0) -> 0.2164751 | N35: =IF($F35="","",IFERROR($F35/'SETUP & TARGETS'!$C7,0)) | O35: =IF(OR($C35<>"Y",COUNT($D35,$E35,$H35,$I35)=0),"",MAX(0,IFERROR(('SETUP & TARGETS'!$C$10-N($I35))/'SETUP & TARGETS'!$C$10,0))) | P35: =IF($K35=0,"",IF($M35>='SETUP & TARGETS'!$C11,"GREEN",IF($M35>='SETUP & TARGETS'!$C13,"AMBER","RED"))) -> RED | Q35: =IFERROR(INDEX('DELAY CODE REGISTER'!$C$6:$C$49,MATCH(G35,'DELAY CODE REGISTER'!$B$6:$B$49,0)),"")
B36: 46295 | C36: Y | F36: =IF(OR($E36="",$D36=""),"",MAX(0,$E36-$D36)) | J36: =IF($C36="Y",'SETUP & TARGETS'!$C7,0) -> 18 | K36: =$K35+$J36 -> 540 | L36: =$L35+N($F36) -> 113 | M36: =IFERROR($L36/$K36,0) -> 0.20925926 | N36: =IF($F36="","",IFERROR($F36/'SETUP & TARGETS'!$C7,0)) | O36: =IF(OR($C36<>"Y",COUNT($D36,$E36,$H36,$I36)=0),"",MAX(0,IFERROR(('SETUP & TARGETS'!$C$10-N($I36))/'SETUP & TARGETS'!$C$10,0))) | P36: =IF($K36=0,"",IF($M36>='SETUP & TARGETS'!$C11,"GREEN",IF($M36>='SETUP & TARGETS'!$C13,"AMBER","RED"))) -> RED | Q36: =IFERROR(INDEX('DELAY CODE REGISTER'!$C$6:$C$49,MATCH(G36,'DELAY CODE REGISTER'!$B$6:$B$49,0)),"")
C37: Y | F37: =IF(OR($E37="",$D37=""),"",MAX(0,$E37-$D37)) | J37: =IF($C37="Y",'SETUP & TARGETS'!$C7,0) -> 18 | K37: =$K36+$J37 -> 558 | L37: =$L36+N($F37) -> 113 | M37: =IFERROR($L37/$K37,0) -> 0.20250896 | N37: =IF($F37="","",IFERROR($F37/'SETUP & TARGETS'!$C7,0)) | O37: =IF(OR($C37<>"Y",COUNT($D37,$E37,$H37,$I37)=0),"",MAX(0,IFERROR(('SETUP & TARGETS'!$C$10-N($I37))/'SETUP & TARGETS'!$C$10,0))) | P37: =IF($K37=0,"",IF($M37>='SETUP & TARGETS'!$C11,"GREEN",IF($M37>='SETUP & TARGETS'!$C13,"AMBER","RED"))) -> RED | Q37: =IFERROR(INDEX('DELAY CODE REGISTER'!$C$6:$C$49,MATCH(G37,'DELAY CODE REGISTER'!$B$6:$B$49,0)),"")
B38: MONTH TOTAL | F38: =SUM(F7:F37) -> 113 | H38: =SUM(H7:H37) -> 13 | I38: =SUM(I7:I37) -> 145 | J38: =SUM(J7:J37) -> 558 | K38: =K37 -> 558 | L38: =L37 -> 113 | M38: =IFERROR(L38/K38,0) -> 0.20250896 | N38: =IFERROR(F38/'SETUP & TARGETS'!$C9,0) -> 0.20250896 | O38: =IF(COUNT(O7:O37)=0,0,AVERAGE(O7:O37)) -> 0.46296296

Sheet CRT224
B2: EQUIPMENT LOG | CRT224 - CAT 395 Excavator
B3: Exxaro Grootegeluk | PLANT OPTIMIZATION
B6: DATE | C6: WORK DAY | D6: OPENING ENG HRS | E6: CLOSING ENG HRS | F6: DIRECT OPS HRS | G6: DELAY CODE(S) | H6: OPS DELAY HRS | I6: B/DOWN HRS | J6: DAILY TARGET | K6: CUM TARGET | L6: CUM ACTUAL | M6: CUM ACHIEVED | N6: DAILY UTIL % | O6: DAILY AVAIL % | P6: RAG | Q6: COMMENTS / DETAILS
B7: 46266 | C7: Y | D7: 11881 | E7: 11899 | F7: =IF(OR($E7="",$D7=""),"",MAX(0,$E7-$D7)) -> 18 | G7: OD-U | J7: =IF($C7="Y",'SETUP & TARGETS'!$C7,0) -> 18 | K7: =0+$J7 -> 18 | L7: =0+N($F7) -> 18 | M7: =IFERROR($L7/$K7,0) -> 1 | N7: =IF($F7="","",IFERROR($F7/'SETUP & TARGETS'!$C7,0)) -> 1 | O7: =IF(OR($C7<>"Y",COUNT($D7,$E7,$H7,$I7)=0),"",MAX(0,IFERROR(('SETUP & TARGETS'!$C$10-N($I7))/'SETUP & TARGETS'!$C$10,0))) -> 1 | P7: =IF($K7=0,"",IF($M7>='SETUP & TARGETS'!$C11,"GREEN",IF($M7>='SETUP & TARGETS'!$C13,"AMBER","RED"))) -> GREEN | Q7: =IFERROR(INDEX('DELAY CODE REGISTER'!$C$6:$C$49,MATCH(G7,'DELAY CODE REGISTER'!$B$6:$B$49,0)),"") -> Under Utilization
B8: 46267 | C8: Y | D8: 11899 | E8: 11916 | F8: =IF(OR($E8="",$D8=""),"",MAX(0,$E8-$D8)) -> 17 | G8: OD-U | H8: 1 | J8: =IF($C8="Y",'SETUP & TARGETS'!$C7,0) -> 18 | K8: =$K7+$J8 -> 36 | L8: =$L7+N($F8) -> 35 | M8: =IFERROR($L8/$K8,0) -> 0.97222222 | N8: =IF($F8="","",IFERROR($F8/'SETUP & TARGETS'!$C7,0)) -> 0.94444444 | O8: =IF(OR($C8<>"Y",COUNT($D8,$E8,$H8,$I8)=0),"",MAX(0,IFERROR(('SETUP & TARGETS'!$C$10-N($I8))/'SETUP & TARGETS'!$C$10,0))) -> 1 | P8: =IF($K8=0,"",IF($M8>='SETUP & TARGETS'!$C11,"GREEN",IF($M8>='SETUP & TARGETS'!$C13,"AMBER","RED"))) -> GREEN | Q8: =IFERROR(INDEX('DELAY CODE REGISTER'!$C$6:$C$49,MATCH(G8,'DELAY CODE REGISTER'!$B$6:$B$49,0)),"") -> Under Utilization
B9: 46268 | C9: Y | D9: 11916 | E9: 11931 | F9: =IF(OR($E9="",$D9=""),"",MAX(0,$E9-$D9)) -> 15 | G9: BD-SO | H9: 1 | I9: 4 | J9: =IF($C9="Y",'SETUP & TARGETS'!$C7,0) -> 18 | K9: =$K8+$J9 -> 54 | L9: =$L8+N($F9) -> 50 | M9: =IFERROR($L9/$K9,0) -> 0.92592593 | N9: =IF($F9="","",IFERROR($F9/'SETUP & TARGETS'!$C7,0)) -> 0.83333333 | O9: =IF(OR($C9<>"Y",COUNT($D9,$E9,$H9,$I9)=0),"",MAX(0,IFERROR(('SETUP & TARGETS'!$C$10-N($I9))/'SETUP & TARGETS'!$C$10,0))) -> 0.77777778 | P9: =IF($K9=0,"",IF($M9>='SETUP & TARGETS'!$C11,"GREEN",IF($M9>='SETUP & TARGETS'!$C13,"AMBER","RED"))) -> GREEN | Q9: =IFERROR(INDEX('DELAY CODE REGISTER'!$C$6:$C$49,MATCH(G9,'DELAY CODE REGISTER'!$B$6:$B$49,0)),"") -> Breakdown: Machine Switching Off Unexpectedly
B10: 46269 | C10: Y | D10: 11931 | E10: 11944 | F10: =IF(OR($E10="",$D10=""),"",MAX(0,$E10-$D10)) -> 13 | G10: OD-WA | H10: 7 | J10: =IF($C10="Y",'SETUP & TARGETS'!$C7,0) -> 18 | K10: =$K9+$J10 -> 72 | L10: =$L9+N($F10) -> 63 | M10: =IFERROR($L10/$K10,0) -> 0.875 | N10: =IF($F10="","",IFERROR($F10/'SETUP & TARGETS'!$C7,0)) -> 0.72222222 | O10: =IF(OR($C10<>"Y",COUNT($D10,$E10,$H10,$I10)=0),"",MAX(0,IFERROR(('SETUP & TARGETS'!$C$10-N($I10))/'SETUP & TARGETS'!$C$10,0))) -> 1 | P10: =IF($K10=0,"",IF($M10>='SETUP & TARGETS'!$C11,"GREEN",IF($M10>='SETUP & TARGETS'!$C13,"AMBER","RED"))) -> GREEN | Q10: =IFERROR(INDEX('DELAY CODE REGISTER'!$C$6:$C$49,MATCH(G10,'DELAY CODE REGISTER'!$B$6:$B$49,0)),"") -> Work Area Not Available / Blasting
B11: 46270 | C11: Y | D11: 11944 | E11: 11963 | F11: =IF(OR($E11="",$D11=""),"",MAX(0,$E11-$D11)) -> 19 | J11: =IF($C11="Y",'SETUP & TARGETS'!$C7,0) -> 18 | K11: =$K10+$J11 -> 90 | L11: =$L10+N($F11) -> 82 | M11: =IFERROR($L11/$K11,0) -> 0.91111111 | N11: =IF($F11="","",IFERROR($F11/'SETUP & TARGETS'!$C7,0)) -> 1.0555556 | O11: =IF(OR($C11<>"Y",COUNT($D11,$E11,$H11,$I11)=0),"",MAX(0,IFERROR(('SETUP & TARGETS'!$C$10-N($I11))/'SETUP & TARGETS'!$C$10,0))) -> 1 | P11: =IF($K11=0,"",IF($M11>='SETUP & TARGETS'!$C11,"GREEN",IF($M11>='SETUP & TARGETS'!$C13,"AMBER","RED"))) -> GREEN | Q11: =IFERROR(INDEX('DELAY CODE REGISTER'!$C$6:$C$49,MATCH(G11,'DELAY CODE REGISTER'!$B$6:$B$49,0)),"")
B12: 46271 | C12: Y | D12: 11963 | E12: 11976 | F12: =IF(OR($E12="",$D12=""),"",MAX(0,$E12-$D12)) -> 13 | G12: OD-PSI | H12: 7 | J12: =IF($C12="Y",'SETUP & TARGETS'!$C7,0) -> 18 | K12: =$K11+$J12 -> 108 | L12: =$L11+N($F12) -> 95 | M12: =IFERROR($L12/$K12,0) -> 0.87962963 | N12: =IF($F12="","",IFERROR($F12/'SETUP & TARGETS'!$C7,0)) -> 0.72222222 | O12: =IF(OR($C12<>"Y",COUNT($D12,$E12,$H12,$I12)=0),"",MAX(0,IFERROR(('SETUP & TARGETS'!$C$10-N($I12))/'SETUP & TARGETS'!$C$10,0))) -> 1 | P12: =IF($K12=0,"",IF($M12>='SETUP & TARGETS'!$C11,"GREEN",IF($M12>='SETUP & TARGETS'!$C13,"AMBER","RED"))) -> GREEN | Q12: =IFERROR(INDEX('DELAY CODE REGISTER'!$C$6:$C$49,MATCH(G12,'DELAY CODE REGISTER'!$B$6:$B$49,0)),"") -> Production stoppage due Internal MHSA Sec54
B13: 46272 | C13: Y | D13: 11976 | E13: 11988 | F13: =IF(OR($E13="",$D13=""),"",MAX(0,$E13-$D13)) -> 12 | G13: OD-U | H13: 6 | J13: =IF($C13="Y",'SETUP & TARGETS'!$C7,0) -> 18 | K13: =$K12+$J13 -> 126 | L13: =$L12+N($F13) -> 107 | M13: =IFERROR($L13/$K13,0) -> 0.84920635 | N13: =IF($F13="","",IFERROR($F13/'SETUP & TARGETS'!$C7,0)) -> 0.66666667 | O13: =IF(OR($C13<>"Y",COUNT($D13,$E13,$H13,$I13)=0),"",MAX(0,IFERROR(('SETUP & TARGETS'!$C$10-N($I13))/'SETUP & TARGETS'!$C$10,0))) -> 1 | P13: =IF($K13=0,"",IF($M13>='SETUP & TARGETS'!$C11,"GREEN",IF($M13>='SETUP & TARGETS'!$C13,"AMBER","RED"))) -> GREEN | Q13: =IFERROR(INDEX('DELAY CODE REGISTER'!$C$6:$C$49,MATCH(G13,'DELAY CODE REGISTER'!$B$6:$B$49,0)),"") -> Under Utilization
B14: 46273 | C14: Y | D14: 11988 | E14: 12004 | F14: =IF(OR($E14="",$D14=""),"",MAX(0,$E14-$D14)) -> 16 | G14: OD-U | H14: 2 | J14: =IF($C14="Y",'SETUP & TARGETS'!$C7,0) -> 18 | K14: =$K13+$J14 -> 144 | L14: =$L13+N($F14) -> 123 | M14: =IFERROR($L14/$K14,0) -> 0.85416667 | N14: =IF($F14="","",IFERROR($F14/'SETUP & TARGETS'!$C7,0)) -> 0.88888889 | O14: =IF(OR($C14<>"Y",COUNT($D14,$E14,$H14,$I14)=0),"",MAX(0,IFERROR(('SETUP & TARGETS'!$C$10-N($I14))/'SETUP & TARGETS'!$C$10,0))) -> 1 | P14: =IF($K14=0,"",IF($M14>='SETUP & TARGETS'!$C11,"GREEN",IF($M14>='SETUP & TARGETS'!$C13,"AMBER","RED"))) -> GREEN | Q14: =IFERROR(INDEX('DELAY CODE REGISTER'!$C$6:$C$49,MATCH(G14,'DELAY CODE REGISTER'!$B$6:$B$49,0)),"") -> Under Utilization
B15: 46274 | C15: Y | D15: 12004 | E15: 12021 | F15: =IF(OR($E15="",$D15=""),"",MAX(0,$E15-$D15)) -> 17 | G15: OD-U | H15: 1 | J15: =IF($C15="Y",'SETUP & TARGETS'!$C7,0) -> 18 | K15: =$K14+$J15 -> 162 | L15: =$L14+N($F15) -> 140 | M15: =IFERROR($L15/$K15,0) -> 0.86419753 | N15: =IF($F15="","",IFERROR($F15/'SETUP & TARGETS'!$C7,0)) -> 0.94444444 | O15: =IF(OR($C15<>"Y",COUNT($D15,$E15,$H15,$I15)=0),"",MAX(0,IFERROR(('SETUP & TARGETS'!$C$10-N($I15))/'SETUP & TARGETS'!$C$10,0))) -> 1 | P15: =IF($K15=0,"",IF($M15>='SETUP & TARGETS'!$C11,"GREEN",IF($M15>='SETUP & TARGETS'!$C13,"AMBER","RED"))) -> GREEN | Q15: =IFERROR(INDEX('DELAY CODE REGISTER'!$C$6:$C$49,MATCH(G15,'DELAY CODE REGISTER'!$B$6:$B$49,0)),"") -> Under Utilization
B16: 46275 | C16: Y | D16: 12021 | E16: 12036 | F16: =IF(OR($E16="",$D16=""),"",MAX(0,$E16-$D16)) -> 15 | G16: OD-U | H16: 3 | J16: =IF($C16="Y",'SETUP & TARGETS'!$C7,0) -> 18 | K16: =$K15+$J16 -> 180 | L16: =$L15+N($F16) -> 155 | M16: =IFERROR($L16/$K16,0) -> 0.86111111 | N16: =IF($F16="","",IFERROR($F16/'SETUP & TARGETS'!$C7,0)) -> 0.83333333 | O16: =IF(OR($C16<>"Y",COUNT($D16,$E16,$H16,$I16)=0),"",MAX(0,IFERROR(('SETUP & TARGETS'!$C$10-N($I16))/'SETUP & TARGETS'!$C$10,0))) -> 1 | P16: =IF($K16=0,"",IF($M16>='SETUP & TARGETS'!$C11,"GREEN",IF($M16>='SETUP & TARGETS'!$C13,"AMBER","RED"))) -> GREEN | Q16: =IFERROR(INDEX('DELAY CODE REGISTER'!$C$6:$C$49,MATCH(G16,'DELAY CODE REGISTER'!$B$6:$B$49,0)),"") -> Under Utilization
B17: 46276 | C17: Y | D17: 12036 | E17: 12047 | F17: =IF(OR($E17="",$D17=""),"",MAX(0,$E17-$D17)) -> 11 | G17: BD-SV | H17: 1 | I17: 6 | J17: =IF($C17="Y",'SETUP & TARGETS'!$C7,0) -> 18 | K17: =$K16+$J17 -> 198 | L17: =$L16+N($F17) -> 166 | M17: =IFERROR($L17/$K17,0) -> 0.83838384 | N17: =IF($F17="","",IFERROR($F17/'SETUP & TARGETS'!$C7,0)) -> 0.61111111 | O17: =IF(OR($C17<>"Y",COUNT($D17,$E17,$H17,$I17)=0),"",MAX(0,IFERROR(('SETUP & TARGETS'!$C$10-N($I17))/'SETUP & TARGETS'!$C$10,0))) -> 0.66666667 | P17: =IF($K17=0,"",IF($M17>='SETUP & TARGETS'!$C11,"GREEN",IF($M17>='SETUP & TARGETS'!$C13,"AMBER","RED"))) -> GREEN | Q17: =IFERROR(INDEX('DELAY CODE REGISTER'!$C$6:$C$49,MATCH(G17,'DELAY CODE REGISTER'!$B$6:$B$49,0)),"") -> Scheduled Maintenance / Service
B18: 46277 | C18: Y | D18: 12047 | E18: 12063 | F18: =IF(OR($E18="",$D18=""),"",MAX(0,$E18-$D18)) -> 16 | G18: OD-U | H18: 2 | J18: =IF($C18="Y",'SETUP & TARGETS'!$C7,0) -> 18 | K18: =$K17+$J18 -> 216 | L18: =$L17+N($F18) -> 182 | M18: =IFERROR($L18/$K18,0) -> 0.84259259 | N18: =IF($F18="","",IFERROR($F18/'SETUP & TARGETS'!$C7,0)) -> 0.88888889 | O18: =IF(OR($C18<>"Y",COUNT($D18,$E18,$H18,$I18)=0),"",MAX(0,IFERROR(('SETUP & TARGETS'!$C$10-N($I18))/'SETUP & TARGETS'!$C$10,0))) -> 1 | P18: =IF($K18=0,"",IF($M18>='SETUP & TARGETS'!$C11,"GREEN",IF($M18>='SETUP & TARGETS'!$C13,"AMBER","RED"))) -> GREEN | Q18: =IFERROR(INDEX('DELAY CODE REGISTER'!$C$6:$C$49,MATCH(G18,'DELAY CODE REGISTER'!$B$6:$B$49,0)),"") -> Under Utilization
B19: 46278 | C19: Y | D19: 12063 | E19: 12081 | F19: =IF(OR($E19="",$D19=""),"",MAX(0,$E19-$D19)) -> 18 | J19: =IF($C19="Y",'SETUP & TARGETS'!$C7,0) -> 18 | K19: =$K18+$J19 -> 234 | L19: =$L18+N($F19) -> 200 | M19: =IFERROR($L19/$K19,0) -> 0.85470085 | N19: =IF($F19="","",IFERROR($F19/'SETUP & TARGETS'!$C7,0)) -> 1 | O19: =IF(OR($C19<>"Y",COUNT($D19,$E19,$H19,$I19)=0),"",MAX(0,IFERROR(('SETUP & TARGETS'!$C$10-N($I19))/'SETUP & TARGETS'!$C$10,0))) -> 1 | P19: =IF($K19=0,"",IF($M19>='SETUP & TARGETS'!$C11,"GREEN",IF($M19>='SETUP & TARGETS'!$C13,"AMBER","RED"))) -> GREEN | Q19: =IFERROR(INDEX('DELAY CODE REGISTER'!$C$6:$C$49,MATCH(G19,'DELAY CODE REGISTER'!$B$6:$B$49,0)),"")
B20: 46279 | C20: Y | D20: 12081 | E20: 12098 | F20: =IF(OR($E20="",$D20=""),"",MAX(0,$E20-$D20)) -> 17 | G20: ED-EL | I20: 1 | J20: =IF($C20="Y",'SETUP & TARGETS'!$C7,0) -> 18 | K20: =$K19+$J20 -> 252 | L20: =$L19+N($F20) -> 217 | M20: =IFERROR($L20/$K20,0) -> 0.86111111 | N20: =IF($F20="","",IFERROR($F20/'SETUP & TARGETS'!$C7,0)) -> 0.94444444 | O20: =IF(OR($C20<>"Y",COUNT($D20,$E20,$H20,$I20)=0),"",MAX(0,IFERROR(('SETUP & TARGETS'!$C$10-N($I20))/'SETUP & TARGETS'!$C$10,0))) -> 0.94444444 | P20: =IF($K20=0,"",IF($M20>='SETUP & TARGETS'!$C11,"GREEN",IF($M20>='SETUP & TARGETS'!$C13,"AMBER","RED"))) -> GREEN | Q20: =IFERROR(INDEX('DELAY CODE REGISTER'!$C$6:$C$49,MATCH(G20,'DELAY CODE REGISTER'!$B$6:$B$49,0)),"") -> Engineering Delay: Electrician / Electrical Fault
B21: 46280 | C21: Y | D21: 12098 | E21: 12112 | F21: =IF(OR($E21="",$D21=""),"",MAX(0,$E21-$D21)) -> 14 | G21: OD-U | H21: 4 | J21: =IF($C21="Y",'SETUP & TARGETS'!$C7,0) -> 18 | K21: =$K20+$J21 -> 270 | L21: =$L20+N($F21) -> 231 | M21: =IFERROR($L21/$K21,0) -> 0.85555556 | N21: =IF($F21="","",IFERROR($F21/'SETUP & TARGETS'!$C7,0)) -> 0.77777778 | O21: =IF(OR($C21<>"Y",COUNT($D21,$E21,$H21,$I21)=0),"",MAX(0,IFERROR(('SETUP & TARGETS'!$C$10-N($I21))/'SETUP & TARGETS'!$C$10,0))) -> 1 | P21: =IF($K21=0,"",IF($M21>='SETUP & TARGETS'!$C11,"GREEN",IF($M21>='SETUP & TARGETS'!$C13,"AMBER","RED"))) -> GREEN | Q21: =IFERROR(INDEX('DELAY CODE REGISTER'!$C$6:$C$49,MATCH(G21,'DELAY CODE REGISTER'!$B$6:$B$49,0)),"") -> Under Utilization
B22: 46281 | C22: Y | F22: =IF(OR($E22="",$D22=""),"",MAX(0,$E22-$D22)) | J22: =IF($C22="Y",'SETUP & TARGETS'!$C7,0) -> 18 | K22: =$K21+$J22 -> 288 | L22: =$L21+N($F22) -> 231 | M22: =IFERROR($L22/$K22,0) -> 0.80208333 | N22: =IF($F22="","",IFERROR($F22/'SETUP & TARGETS'!$C7,0)) | O22: =IF(OR($C22<>"Y",COUNT($D22,$E22,$H22,$I22)=0),"",MAX(0,IFERROR(('SETUP & TARGETS'!$C$10-N($I22))/'SETUP & TARGETS'!$C$10,0))) | P22: =IF($K22=0,"",IF($M22>='SETUP & TARGETS'!$C11,"GREEN",IF($M22>='SETUP & TARGETS'!$C13,"AMBER","RED"))) -> GREEN | Q22: =IFERROR(INDEX('DELAY CODE REGISTER'!$C$6:$C$49,MATCH(G22,'DELAY CODE REGISTER'!$B$6:$B$49,0)),"")
B23: 46282 | C23: Y | F23: =IF(OR($E23="",$D23=""),"",MAX(0,$E23-$D23)) | J23: =IF($C23="Y",'SETUP & TARGETS'!$C7,0) -> 18 | K23: =$K22+$J23 -> 306 | L23: =$L22+N($F23) -> 231 | M23: =IFERROR($L23/$K23,0) -> 0.75490196 | N23: =IF($F23="","",IFERROR($F23/'SETUP & TARGETS'!$C7,0)) | O23: =IF(OR($C23<>"Y",COUNT($D23,$E23,$H23,$I23)=0),"",MAX(0,IFERROR(('SETUP & TARGETS'!$C$10-N($I23))/'SETUP & TARGETS'!$C$10,0))) | P23: =IF($K23=0,"",IF($M23>='SETUP & TARGETS'!$C11,"GREEN",IF($M23>='SETUP & TARGETS'!$C13,"AMBER","RED"))) -> AMBER | Q23: =IFERROR(INDEX('DELAY CODE REGISTER'!$C$6:$C$49,MATCH(G23,'DELAY CODE REGISTER'!$B$6:$B$49,0)),"")
B24: 46283 | C24: Y | F24: =IF(OR($E24="",$D24=""),"",MAX(0,$E24-$D24)) | J24: =IF($C24="Y",'SETUP & TARGETS'!$C7,0) -> 18 | K24: =$K23+$J24 -> 324 | L24: =$L23+N($F24) -> 231 | M24: =IFERROR($L24/$K24,0) -> 0.71296296 | N24: =IF($F24="","",IFERROR($F24/'SETUP & TARGETS'!$C7,0)) | O24: =IF(OR($C24<>"Y",COUNT($D24,$E24,$H24,$I24)=0),"",MAX(0,IFERROR(('SETUP & TARGETS'!$C$10-N($I24))/'SETUP & TARGETS'!$C$10,0))) | P24: =IF($K24=0,"",IF($M24>='SETUP & TARGETS'!$C11,"GREEN",IF($M24>='SETUP & TARGETS'!$C13,"AMBER","RED"))) -> AMBER | Q24: =IFERROR(INDEX('DELAY CODE REGISTER'!$C$6:$C$49,MATCH(G24,'DELAY CODE REGISTER'!$B$6:$B$49,0)),"")
B25: 46284 | C25: Y | F25: =IF(OR($E25="",$D25=""),"",MAX(0,$E25-$D25)) | J25: =IF($C25="Y",'SETUP & TARGETS'!$C7,0) -> 18 | K25: =$K24+$J25 -> 342 | L25: =$L24+N($F25) -> 231 | M25: =IFERROR($L25/$K25,0) -> 0.6754386 | N25: =IF($F25="","",IFERROR($F25/'SETUP & TARGETS'!$C7,0)) | O25: =IF(OR($C25<>"Y",COUNT($D25,$E25,$H25,$I25)=0),"",MAX(0,IFERROR(('SETUP & TARGETS'!$C$10-N($I25))/'SETUP & TARGETS'!$C$10,0))) | P25: =IF($K25=0,"",IF($M25>='SETUP & TARGETS'!$C11,"GREEN",IF($M25>='SETUP & TARGETS'!$C13,"AMBER","RED"))) -> RED | Q25: =IFERROR(INDEX('DELAY CODE REGISTER'!$C$6:$C$49,MATCH(G25,'DELAY CODE REGISTER'!$B$6:$B$49,0)),"")
B26: 46285 | C26: Y | F26: =IF(OR($E26="",$D26=""),"",MAX(0,$E26-$D26)) | J26: =IF($C26="Y",'SETUP & TARGETS'!$C7,0) -> 18 | K26: =$K25+$J26 -> 360 | L26: =$L25+N($F26) -> 231 | M26: =IFERROR($L26/$K26,0) -> 0.64166667 | N26: =IF($F26="","",IFERROR($F26/'SETUP & TARGETS'!$C7,0)) | O26: =IF(OR($C26<>"Y",COUNT($D26,$E26,$H26,$I26)=0),"",MAX(0,IFERROR(('SETUP & TARGETS'!$C$10-N($I26))/'SETUP & TARGETS'!$C$10,0))) | P26: =IF($K26=0,"",IF($M26>='SETUP & TARGETS'!$C11,"GREEN",IF($M26>='SETUP & TARGETS'!$C13,"AMBER","RED"))) -> RED | Q26: =IFERROR(INDEX('DELAY CODE REGISTER'!$C$6:$C$49,MATCH(G26,'DELAY CODE REGISTER'!$B$6:$B$49,0)),"")
B27: 46286 | C27: Y | F27: =IF(OR($E27="",$D27=""),"",MAX(0,$E27-$D27)) | J27: =IF($C27="Y",'SETUP & TARGETS'!$C7,0) -> 18 | K27: =$K26+$J27 -> 378 | L27: =$L26+N($F27) -> 231 | M27: =IFERROR($L27/$K27,0) -> 0.61111111 | N27: =IF($F27="","",IFERROR($F27/'SETUP & TARGETS'!$C7,0)) | O27: =IF(OR($C27<>"Y",COUNT($D27,$E27,$H27,$I27)=0),"",MAX(0,IFERROR(('SETUP & TARGETS'!$C$10-N($I27))/'SETUP & TARGETS'!$C$10,0))) | P27: =IF($K27=0,"",IF($M27>='SETUP & TARGETS'!$C11,"GREEN",IF($M27>='SETUP & TARGETS'!$C13,"AMBER","RED"))) -> RED | Q27: =IFERROR(INDEX('DELAY CODE REGISTER'!$C$6:$C$49,MATCH(G27,'DELAY CODE REGISTER'!$B$6:$B$49,0)),"")
B28: 46287 | C28: Y | F28: =IF(OR($E28="",$D28=""),"",MAX(0,$E28-$D28)) | J28: =IF($C28="Y",'SETUP & TARGETS'!$C7,0) -> 18 | K28: =$K27+$J28 -> 396 | L28: =$L27+N($F28) -> 231 | M28: =IFERROR($L28/$K28,0) -> 0.58333333 | N28: =IF($F28="","",IFERROR($F28/'SETUP & TARGETS'!$C7,0)) | O28: =IF(OR($C28<>"Y",COUNT($D28,$E28,$H28,$I28)=0),"",MAX(0,IFERROR(('SETUP & TARGETS'!$C$10-N($I28))/'SETUP & TARGETS'!$C$10,0))) | P28: =IF($K28=0,"",IF($M28>='SETUP & TARGETS'!$C11,"GREEN",IF($M28>='SETUP & TARGETS'!$C13,"AMBER","RED"))) -> RED | Q28: =IFERROR(INDEX('DELAY CODE REGISTER'!$C$6:$C$49,MATCH(G28,'DELAY CODE REGISTER'!$B$6:$B$49,0)),"")
B29: 46288 | C29: Y | F29: =IF(OR($E29="",$D29=""),"",MAX(0,$E29-$D29)) | J29: =IF($C29="Y",'SETUP & TARGETS'!$C7,0) -> 18 | K29: =$K28+$J29 -> 414 | L29: =$L28+N($F29) -> 231 | M29: =IFERROR($L29/$K29,0) -> 0.55797101 | N29: =IF($F29="","",IFERROR($F29/'SETUP & TARGETS'!$C7,0)) | O29: =IF(OR($C29<>"Y",COUNT($D29,$E29,$H29,$I29)=0),"",MAX(0,IFERROR(('SETUP & TARGETS'!$C$10-N($I29))/'SETUP & TARGETS'!$C$10,0))) | P29: =IF($K29=0,"",IF($M29>='SETUP & TARGETS'!$C11,"GREEN",IF($M29>='SETUP & TARGETS'!$C13,"AMBER","RED"))) -> RED | Q29: =IFERROR(INDEX('DELAY CODE REGISTER'!$C$6:$C$49,MATCH(G29,'DELAY CODE REGISTER'!$B$6:$B$49,0)),"")
B30: 46289 | C30: Y | F30: =IF(OR($E30="",$D30=""),"",MAX(0,$E30-$D30)) | J30: =IF($C30="Y",'SETUP & TARGETS'!$C7,0) -> 18 | K30: =$K29+$J30 -> 432 | L30: =$L29+N($F30) -> 231 | M30: =IFERROR($L30/$K30,0) -> 0.53472222 | N30: =IF($F30="","",IFERROR($F30/'SETUP & TARGETS'!$C7,0)) | O30: =IF(OR($C30<>"Y",COUNT($D30,$E30,$H30,$I30)=0),"",MAX(0,IFERROR(('SETUP & TARGETS'!$C$10-N($I30))/'SETUP & TARGETS'!$C$10,0))) | P30: =IF($K30=0,"",IF($M30>='SETUP & TARGETS'!$C11,"GREEN",IF($M30>='SETUP & TARGETS'!$C13,"AMBER","RED"))) -> RED | Q30: =IFERROR(INDEX('DELAY CODE REGISTER'!$C$6:$C$49,MATCH(G30,'DELAY CODE REGISTER'!$B$6:$B$49,0)),"")
B31: 46290 | C31: Y | F31: =IF(OR($E31="",$D31=""),"",MAX(0,$E31-$D31)) | J31: =IF($C31="Y",'SETUP & TARGETS'!$C7,0) -> 18 | K31: =$K30+$J31 -> 450 | L31: =$L30+N($F31) -> 231 | M31: =IFERROR($L31/$K31,0) -> 0.51333333 | N31: =IF($F31="","",IFERROR($F31/'SETUP & TARGETS'!$C7,0)) | O31: =IF(OR($C31<>"Y",COUNT($D31,$E31,$H31,$I31)=0),"",MAX(0,IFERROR(('SETUP & TARGETS'!$C$10-N($I31))/'SETUP & TARGETS'!$C$10,0))) | P31: =IF($K31=0,"",IF($M31>='SETUP & TARGETS'!$C11,"GREEN",IF($M31>='SETUP & TARGETS'!$C13,"AMBER","RED"))) -> RED | Q31: =IFERROR(INDEX('DELAY CODE REGISTER'!$C$6:$C$49,MATCH(G31,'DELAY CODE REGISTER'!$B$6:$B$49,0)),"")
B32: 46291 | C32: Y | F32: =IF(OR($E32="",$D32=""),"",MAX(0,$E32-$D32)) | J32: =IF($C32="Y",'SETUP & TARGETS'!$C7,0) -> 18 | K32: =$K31+$J32 -> 468 | L32: =$L31+N($F32) -> 231 | M32: =IFERROR($L32/$K32,0) -> 0.49358974 | N32: =IF($F32="","",IFERROR($F32/'SETUP & TARGETS'!$C7,0)) | O32: =IF(OR($C32<>"Y",COUNT($D32,$E32,$H32,$I32)=0),"",MAX(0,IFERROR(('SETUP & TARGETS'!$C$10-N($I32))/'SETUP & TARGETS'!$C$10,0))) | P32: =IF($K32=0,"",IF($M32>='SETUP & TARGETS'!$C11,"GREEN",IF($M32>='SETUP & TARGETS'!$C13,"AMBER","RED"))) -> RED | Q32: =IFERROR(INDEX('DELAY CODE REGISTER'!$C$6:$C$49,MATCH(G32,'DELAY CODE REGISTER'!$B$6:$B$49,0)),"")
B33: 46292 | C33: Y | F33: =IF(OR($E33="",$D33=""),"",MAX(0,$E33-$D33)) | J33: =IF($C33="Y",'SETUP & TARGETS'!$C7,0) -> 18 | K33: =$K32+$J33 -> 486 | L33: =$L32+N($F33) -> 231 | M33: =IFERROR($L33/$K33,0) -> 0.47530864 | N33: =IF($F33="","",IFERROR($F33/'SETUP & TARGETS'!$C7,0)) | O33: =IF(OR($C33<>"Y",COUNT($D33,$E33,$H33,$I33)=0),"",MAX(0,IFERROR(('SETUP & TARGETS'!$C$10-N($I33))/'SETUP & TARGETS'!$C$10,0))) | P33: =IF($K33=0,"",IF($M33>='SETUP & TARGETS'!$C11,"GREEN",IF($M33>='SETUP & TARGETS'!$C13,"AMBER","RED"))) -> RED | Q33: =IFERROR(INDEX('DELAY CODE REGISTER'!$C$6:$C$49,MATCH(G33,'DELAY CODE REGISTER'!$B$6:$B$49,0)),"")
B34: 46293 | C34: Y | F34: =IF(OR($E34="",$D34=""),"",MAX(0,$E34-$D34)) | J34: =IF($C34="Y",'SETUP & TARGETS'!$C7,0) -> 18 | K34: =$K33+$J34 -> 504 | L34: =$L33+N($F34) -> 231 | M34: =IFERROR($L34/$K34,0) -> 0.45833333 | N34: =IF($F34="","",IFERROR($F34/'SETUP & TARGETS'!$C7,0)) | O34: =IF(OR($C34<>"Y",COUNT($D34,$E34,$H34,$I34)=0),"",MAX(0,IFERROR(('SETUP & TARGETS'!$C$10-N($I34))/'SETUP & TARGETS'!$C$10,0))) | P34: =IF($K34=0,"",IF($M34>='SETUP & TARGETS'!$C11,"GREEN",IF($M34>='SETUP & TARGETS'!$C13,"AMBER","RED"))) -> RED | Q34: =IFERROR(INDEX('DELAY CODE REGISTER'!$C$6:$C$49,MATCH(G34,'DELAY CODE REGISTER'!$B$6:$B$49,0)),"")
B35: 46294 | C35: Y | F35: =IF(OR($E35="",$D35=""),"",MAX(0,$E35-$D35)) | J35: =IF($C35="Y",'SETUP & TARGETS'!$C7,0) -> 18 | K35: =$K34+$J35 -> 522 | L35: =$L34+N($F35) -> 231 | M35: =IFERROR($L35/$K35,0) -> 0.44252874 | N35: =IF($F35="","",IFERROR($F35/'SETUP & TARGETS'!$C7,0)) | O35: =IF(OR($C35<>"Y",COUNT($D35,$E35,$H35,$I35)=0),"",MAX(0,IFERROR(('SETUP & TARGETS'!$C$10-N($I35))/'SETUP & TARGETS'!$C$10,0))) | P35: =IF($K35=0,"",IF($M35>='SETUP & TARGETS'!$C11,"GREEN",IF($M35>='SETUP & TARGETS'!$C13,"AMBER","RED"))) -> RED | Q35: =IFERROR(INDEX('DELAY CODE REGISTER'!$C$6:$C$49,MATCH(G35,'DELAY CODE REGISTER'!$B$6:$B$49,0)),"")
B36: 46295 | C36: Y | F36: =IF(OR($E36="",$D36=""),"",MAX(0,$E36-$D36)) | J36: =IF($C36="Y",'SETUP & TARGETS'!$C7,0) -> 18 | K36: =$K35+$J36 -> 540 | L36: =$L35+N($F36) -> 231 | M36: =IFERROR($L36/$K36,0) -> 0.42777778 | N36: =IF($F36="","",IFERROR($F36/'SETUP & TARGETS'!$C7,0)) | O36: =IF(OR($C36<>"Y",COUNT($D36,$E36,$H36,$I36)=0),"",MAX(0,IFERROR(('SETUP & TARGETS'!$C$10-N($I36))/'SETUP & TARGETS'!$C$10,0))) | P36: =IF($K36=0,"",IF($M36>='SETUP & TARGETS'!$C11,"GREEN",IF($M36>='SETUP & TARGETS'!$C13,"AMBER","RED"))) -> RED | Q36: =IFERROR(INDEX('DELAY CODE REGISTER'!$C$6:$C$49,MATCH(G36,'DELAY CODE REGISTER'!$B$6:$B$49,0)),"")
C37: Y | F37: =IF(OR($E37="",$D37=""),"",MAX(0,$E37-$D37)) | J37: =IF($C37="Y",'SETUP & TARGETS'!$C7,0) -> 18 | K37: =$K36+$J37 -> 558 | L37: =$L36+N($F37) -> 231 | M37: =IFERROR($L37/$K37,0) -> 0.41397849 | N37: =IF($F37="","",IFERROR($F37/'SETUP & TARGETS'!$C7,0)) | O37: =IF(OR($C37<>"Y",COUNT($D37,$E37,$H37,$I37)=0),"",MAX(0,IFERROR(('SETUP & TARGETS'!$C$10-N($I37))/'SETUP & TARGETS'!$C$10,0))) | P37: =IF($K37=0,"",IF($M37>='SETUP & TARGETS'!$C11,"GREEN",IF($M37>='SETUP & TARGETS'!$C13,"AMBER","RED"))) -> RED | Q37: =IFERROR(INDEX('DELAY CODE REGISTER'!$C$6:$C$49,MATCH(G37,'DELAY CODE REGISTER'!$B$6:$B$49,0)),"")
B38: MONTH TOTAL | F38: =SUM(F7:F37) -> 231 | H38: =SUM(H7:H37) -> 35 | I38: =SUM(I7:I37) -> 11 | J38: =SUM(J7:J37) -> 558 | K38: =K37 -> 558 | L38: =L37 -> 231 | M38: =IFERROR(L38/K38,0) -> 0.41397849 | N38: =IFERROR(F38/'SETUP & TARGETS'!$C9,0) -> 0.41397849 | O38: =IF(COUNT(O7:O37)=0,0,AVERAGE(O7:O37)) -> 0.95925926

Sheet CRT225
B2: EQUIPMENT LOG | CRT225 - CAT D9 Dozer
B3: Exxaro Grootegeluk | PLANT OPTIMIZATION
B4: Capture the blue columns daily. Cumulative target builds automatically; RAG turns green at the utilisation target.
B6: DATE | C6: WORK DAY | D6: OPENING ENG HRS | E6: CLOSING ENG HRS | F6: DIRECT OPS HRS | G6: DELAY CODE(S) | H6: OPS DELAY HRS | I6: B/DOWN HRS | J6: DAILY TARGET | K6: CUM TARGET | L6: CUM ACTUAL | M6: CUM ACHIEVED | N6: DAILY UTIL % | O6: DAILY AVAIL % | P6: RAG | Q6: COMMENTS / DETAILS
B7: 46266 | C7: Y | D7: 10212 | E7: 10212 | F7: =IF(OR($E7="",$D7=""),"",MAX(0,$E7-$D7)) -> 0 | G7: OD-U | H7: 18 | J7: =IF($C7="Y",'SETUP & TARGETS'!$C7,0) -> 18 | K7: =0+$J7 -> 18 | L7: =0+N($F7) -> 0 | M7: =IFERROR($L7/$K7,0) -> 0 | N7: =IF($F7="","",IFERROR($F7/'SETUP & TARGETS'!$C7,0)) -> 0 | O7: =IF(OR($C7<>"Y",COUNT($D7,$E7,$H7,$I7)=0),"",MAX(0,IFERROR(('SETUP & TARGETS'!$C$10-N($I7))/'SETUP & TARGETS'!$C$10,0))) -> 1 | P7: =IF($K7=0,"",IF($M7>='SETUP & TARGETS'!$C11,"GREEN",IF($M7>='SETUP & TARGETS'!$C13,"AMBER","RED"))) -> RED | Q7: =IFERROR(INDEX('DELAY CODE REGISTER'!$C$6:$C$49,MATCH(G7,'DELAY CODE REGISTER'!$B$6:$B$49,0)),"") -> Under Utilization
B8: 46267 | C8: Y | D8: 10212 | E8: 10212 | F8: =IF(OR($E8="",$D8=""),"",MAX(0,$E8-$D8)) -> 0 | G8: OD-U | H8: 18 | J8: =IF($C8="Y",'SETUP & TARGETS'!$C7,0) -> 18 | K8: =$K7+$J8 -> 36 | L8: =$L7+N($F8) -> 0 | M8: =IFERROR($L8/$K8,0) -> 0 | N8: =IF($F8="","",IFERROR($F8/'SETUP & TARGETS'!$C7,0)) -> 0 | O8: =IF(OR($C8<>"Y",COUNT($D8,$E8,$H8,$I8)=0),"",MAX(0,IFERROR(('SETUP & TARGETS'!$C$10-N($I8))/'SETUP & TARGETS'!$C$10,0))) -> 1 | P8: =IF($K8=0,"",IF($M8>='SETUP & TARGETS'!$C11,"GREEN",IF($M8>='SETUP & TARGETS'!$C13,"AMBER","RED"))) -> RED | Q8: =IFERROR(INDEX('DELAY CODE REGISTER'!$C$6:$C$49,MATCH(G8,'DELAY CODE REGISTER'!$B$6:$B$49,0)),"") -> Under Utilization
B9: 46268 | C9: Y | D9: 10212 | E9: 10212 | F9: =IF(OR($E9="",$D9=""),"",MAX(0,$E9-$D9)) -> 0 | G9: OD-U | H9: 18 | J9: =IF($C9="Y",'SETUP & TARGETS'!$C7,0) -> 18 | K9: =$K8+$J9 -> 54 | L9: =$L8+N($F9) -> 0 | M9: =IFERROR($L9/$K9,0) -> 0 | N9: =IF($F9="","",IFERROR($F9/'SETUP & TARGETS'!$C7,0)) -> 0 | O9: =IF(OR($C9<>"Y",COUNT($D9,$E9,$H9,$I9)=0),"",MAX(0,IFERROR(('SETUP & TARGETS'!$C$10-N($I9))/'SETUP & TARGETS'!$C$10,0))) -> 1 | P9: =IF($K9=0,"",IF($M9>='SETUP & TARGETS'!$C11,"GREEN",IF($M9>='SETUP & TARGETS'!$C13,"AMBER","RED"))) -> RED | Q9: =IFERROR(INDEX('DELAY CODE REGISTER'!$C$6:$C$49,MATCH(G9,'DELAY CODE REGISTER'!$B$6:$B$49,0)),"") -> Under Utilization
B10: 46269 | C10: Y | D10: 10212 | E10: 10218 | F10: =IF(OR($E10="",$D10=""),"",MAX(0,$E10-$D10)) -> 6 | G10: OD-U | H10: 12 | J10: =IF($C10="Y",'SETUP & TARGETS'!$C7,0) -> 18 | K10: =$K9+$J10 -> 72 | L10: =$L9+N($F10) -> 6 | M10: =IFERROR($L10/$K10,0) -> 0.083333333 | N10: =IF($F10="","",IFERROR($F10/'SETUP & TARGETS'!$C7,0)) -> 0.33333333 | O10: =IF(OR($C10<>"Y",COUNT($D10,$E10,$H10,$I10)=0),"",MAX(0,IFERROR(('SETUP & TARGETS'!$C$10-N($I10))/'SETUP & TARGETS'!$C$10,0))) -> 1 | P10: =IF($K10=0,"",IF($M10>='SETUP & TARGETS'!$C11,"GREEN",IF($M10>='SETUP & TARGETS'!$C13,"AMBER","RED"))) -> RED | Q10: =IFERROR(INDEX('DELAY CODE REGISTER'!$C$6:$C$49,MATCH(G10,'DELAY CODE REGISTER'!$B$6:$B$49,0)),"") -> Under Utilization
B11: 46270 | C11: Y | D11: 10218 | E11: 10239 | F11: =IF(OR($E11="",$D11=""),"",MAX(0,$E11-$D11)) -> 21 | H11: -3 | J11: =IF($C11="Y",'SETUP & TARGETS'!$C7,0) -> 18 | K11: =$K10+$J11 -> 90 | L11: =$L10+N($F11) -> 27 | M11: =IFERROR($L11/$K11,0) -> 0.3 | N11: =IF($F11="","",IFERROR($F11/'SETUP & TARGETS'!$C7,0)) -> 1.1666667 | O11: =IF(OR($C11<>"Y",COUNT($D11,$E11,$H11,$I11)=0),"",MAX(0,IFERROR(('SETUP & TARGETS'!$C$10-N($I11))/'SETUP & TARGETS'!$C$10,0))) -> 1 | P11: =IF($K11=0,"",IF($M11>='SETUP & TARGETS'!$C11,"GREEN",IF($M11>='SETUP & TARGETS'!$C13,"AMBER","RED"))) -> RED | Q11: =IFERROR(INDEX('DELAY CODE REGISTER'!$C$6:$C$49,MATCH(G11,'DELAY CODE REGISTER'!$B$6:$B$49,0)),"")
B12: 46271 | C12: Y | D12: 10239 | E12: 10239 | F12: =IF(OR($E12="",$D12=""),"",MAX(0,$E12-$D12)) -> 0 | G12: OD-U | H12: 18 | J12: =IF($C12="Y",'SETUP & TARGETS'!$C7,0) -> 18 | K12: =$K11+$J12 -> 108 | L12: =$L11+N($F12) -> 27 | M12: =IFERROR($L12/$K12,0) -> 0.25 | N12: =IF($F12="","",IFERROR($F12/'SETUP & TARGETS'!$C7,0)) -> 0 | O12: =IF(OR($C12<>"Y",COUNT($D12,$E12,$H12,$I12)=0),"",MAX(0,IFERROR(('SETUP & TARGETS'!$C$10-N($I12))/'SETUP & TARGETS'!$C$10,0))) -> 1 | P12: =IF($K12=0,"",IF($M12>='SETUP & TARGETS'!$C11,"GREEN",IF($M12>='SETUP & TARGETS'!$C13,"AMBER","RED"))) -> RED | Q12: =IFERROR(INDEX('DELAY CODE REGISTER'!$C$6:$C$49,MATCH(G12,'DELAY CODE REGISTER'!$B$6:$B$49,0)),"") -> Under Utilization
B13: 46272 | C13: Y | D13: 10239 | E13: 10244 | F13: =IF(OR($E13="",$D13=""),"",MAX(0,$E13-$D13)) -> 5 | G13: OD-U | H13: 13 | J13: =IF($C13="Y",'SETUP & TARGETS'!$C7,0) -> 18 | K13: =$K12+$J13 -> 126 | L13: =$L12+N($F13) -> 32 | M13: =IFERROR($L13/$K13,0) -> 0.25396825 | N13: =IF($F13="","",IFERROR($F13/'SETUP & TARGETS'!$C7,0)) -> 0.27777778 | O13: =IF(OR($C13<>"Y",COUNT($D13,$E13,$H13,$I13)=0),"",MAX(0,IFERROR(('SETUP & TARGETS'!$C$10-N($I13))/'SETUP & TARGETS'!$C$10,0))) -> 1 | P13: =IF($K13=0,"",IF($M13>='SETUP & TARGETS'!$C11,"GREEN",IF($M13>='SETUP & TARGETS'!$C13,"AMBER","RED"))) -> RED | Q13: =IFERROR(INDEX('DELAY CODE REGISTER'!$C$6:$C$49,MATCH(G13,'DELAY CODE REGISTER'!$B$6:$B$49,0)),"") -> Under Utilization
B14: 46273 | C14: Y | D14: 10244 | E14: 10256 | F14: =IF(OR($E14="",$D14=""),"",MAX(0,$E14-$D14)) -> 12 | G14: OD-U | H14: 6 | J14: =IF($C14="Y",'SETUP & TARGETS'!$C7,0) -> 18 | K14: =$K13+$J14 -> 144 | L14: =$L13+N($F14) -> 44 | M14: =IFERROR($L14/$K14,0) -> 0.30555556 | N14: =IF($F14="","",IFERROR($F14/'SETUP & TARGETS'!$C7,0)) -> 0.66666667 | O14: =IF(OR($C14<>"Y",COUNT($D14,$E14,$H14,$I14)=0),"",MAX(0,IFERROR(('SETUP & TARGETS'!$C$10-N($I14))/'SETUP & TARGETS'!$C$10,0))) -> 1 | P14: =IF($K14=0,"",IF($M14>='SETUP & TARGETS'!$C11,"GREEN",IF($M14>='SETUP & TARGETS'!$C13,"AMBER","RED"))) -> RED | Q14: =IFERROR(INDEX('DELAY CODE REGISTER'!$C$6:$C$49,MATCH(G14,'DELAY CODE REGISTER'!$B$6:$B$49,0)),"") -> Under Utilization
B15: 46274 | C15: Y | D15: 10256 | E15: 10273 | F15: =IF(OR($E15="",$D15=""),"",MAX(0,$E15-$D15)) -> 17 | G15: OD-U | H15: 1 | J15: =IF($C15="Y",'SETUP & TARGETS'!$C7,0) -> 18 | K15: =$K14+$J15 -> 162 | L15: =$L14+N($F15) -> 61 | M15: =IFERROR($L15/$K15,0) -> 0.37654321 | N15: =IF($F15="","",IFERROR($F15/'SETUP & TARGETS'!$C7,0)) -> 0.94444444 | O15: =IF(OR($C15<>"Y",COUNT($D15,$E15,$H15,$I15)=0),"",MAX(0,IFERROR(('SETUP & TARGETS'!$C$10-N($I15))/'SETUP & TARGETS'!$C$10,0))) -> 1 | P15: =IF($K15=0,"",IF($M15>='SETUP & TARGETS'!$C11,"GREEN",IF($M15>='SETUP & TARGETS'!$C13,"AMBER","RED"))) -> RED | Q15: =IFERROR(INDEX('DELAY CODE REGISTER'!$C$6:$C$49,MATCH(G15,'DELAY CODE REGISTER'!$B$6:$B$49,0)),"") -> Under Utilization
B16: 46275 | C16: Y | D16: 10273 | E16: 10277 | F16: =IF(OR($E16="",$D16=""),"",MAX(0,$E16-$D16)) -> 4 | G16: OD-U | H16: 14 | J16: =IF($C16="Y",'SETUP & TARGETS'!$C7,0) -> 18 | K16: =$K15+$J16 -> 180 | L16: =$L15+N($F16) -> 65 | M16: =IFERROR($L16/$K16,0) -> 0.36111111 | N16: =IF($F16="","",IFERROR($F16/'SETUP & TARGETS'!$C7,0)) -> 0.22222222 | O16: =IF(OR($C16<>"Y",COUNT($D16,$E16,$H16,$I16)=0),"",MAX(0,IFERROR(('SETUP & TARGETS'!$C$10-N($I16))/'SETUP & TARGETS'!$C$10,0))) -> 1 | P16: =IF($K16=0,"",IF($M16>='SETUP & TARGETS'!$C11,"GREEN",IF($M16>='SETUP & TARGETS'!$C13,"AMBER","RED"))) -> RED | Q16: =IFERROR(INDEX('DELAY CODE REGISTER'!$C$6:$C$49,MATCH(G16,'DELAY CODE REGISTER'!$B$6:$B$49,0)),"") -> Under Utilization
B17: 46276 | C17: Y | D17: 10277 | E17: 10297 | F17: =IF(OR($E17="",$D17=""),"",MAX(0,$E17-$D17)) -> 20 | J17: =IF($C17="Y",'SETUP & TARGETS'!$C7,0) -> 18 | K17: =$K16+$J17 -> 198 | L17: =$L16+N($F17) -> 85 | M17: =IFERROR($L17/$K17,0) -> 0.42929293 | N17: =IF($F17="","",IFERROR($F17/'SETUP & TARGETS'!$C7,0)) -> 1.1111111 | O17: =IF(OR($C17<>"Y",COUNT($D17,$E17,$H17,$I17)=0),"",MAX(0,IFERROR(('SETUP & TARGETS'!$C$10-N($I17))/'SETUP & TARGETS'!$C$10,0))) -> 1 | P17: =IF($K17=0,"",IF($M17>='SETUP & TARGETS'!$C11,"GREEN",IF($M17>='SETUP & TARGETS'!$C13,"AMBER","RED"))) -> RED | Q17: =IFERROR(INDEX('DELAY CODE REGISTER'!$C$6:$C$49,MATCH(G17,'DELAY CODE REGISTER'!$B$6:$B$49,0)),"")
B18: 46277 | C18: Y | D18: 10297 | E18: 10298 | F18: =IF(OR($E18="",$D18=""),"",MAX(0,$E18-$D18)) -> 1 | G18: OD-U | H18: 17 | J18: =IF($C18="Y",'SETUP & TARGETS'!$C7,0) -> 18 | K18: =$K17+$J18 -> 216 | L18: =$L17+N($F18) -> 86 | M18: =IFERROR($L18/$K18,0) -> 0.39814815 | N18: =IF($F18="","",IFERROR($F18/'SETUP & TARGETS'!$C7,0)) -> 0.055555556 | O18: =IF(OR($C18<>"Y",COUNT($D18,$E18,$H18,$I18)=0),"",MAX(0,IFERROR(('SETUP & TARGETS'!$C$10-N($I18))/'SETUP & TARGETS'!$C$10,0))) -> 1 | P18: =IF($K18=0,"",IF($M18>='SETUP & TARGETS'!$C11,"GREEN",IF($M18>='SETUP & TARGETS'!$C13,"AMBER","RED"))) -> RED | Q18: =IFERROR(INDEX('DELAY CODE REGISTER'!$C$6:$C$49,MATCH(G18,'DELAY CODE REGISTER'!$B$6:$B$49,0)),"") -> Under Utilization
B19: 46278 | C19: Y | D19: 10298 | E19: 10316 | F19: =IF(OR($E19="",$D19=""),"",MAX(0,$E19-$D19)) -> 18 | J19: =IF($C19="Y",'SETUP & TARGETS'!$C7,0) -> 18 | K19: =$K18+$J19 -> 234 | L19: =$L18+N($F19) -> 104 | M19: =IFERROR($L19/$K19,0) -> 0.44444444 | N19: =IF($F19="","",IFERROR($F19/'SETUP & TARGETS'!$C7,0)) -> 1 | O19: =IF(OR($C19<>"Y",COUNT($D19,$E19,$H19,$I19)=0),"",MAX(0,IFERROR(('SETUP & TARGETS'!$C$10-N($I19))/'SETUP & TARGETS'!$C$10,0))) -> 1 | P19: =IF($K19=0,"",IF($M19>='SETUP & TARGETS'!$C11,"GREEN",IF($M19>='SETUP & TARGETS'!$C13,"AMBER","RED"))) -> RED | Q19: =IFERROR(INDEX('DELAY CODE REGISTER'!$C$6:$C$49,MATCH(G19,'DELAY CODE REGISTER'!$B$6:$B$49,0)),"")
B20: 46279 | C20: Y | D20: 10316 | E20: 10328 | F20: =IF(OR($E20="",$D20=""),"",MAX(0,$E20-$D20)) -> 12 | G20: OD-U | J20: =IF($C20="Y",'SETUP & TARGETS'!$C7,0) -> 18 | K20: =$K19+$J20 -> 252 | L20: =$L19+N($F20) -> 116 | M20: =IFERROR($L20/$K20,0) -> 0.46031746 | N20: =IF($F20="","",IFERROR($F20/'SETUP & TARGETS'!$C7,0)) -> 0.66666667 | O20: =IF(OR($C20<>"Y",COUNT($D20,$E20,$H20,$I20)=0),"",MAX(0,IFERROR(('SETUP & TARGETS'!$C$10-N($I20))/'SETUP & TARGETS'!$C$10,0))) -> 1 | P20: =IF($K20=0,"",IF($M20>='SETUP & TARGETS'!$C11,"GREEN",IF($M20>='SETUP & TARGETS'!$C13,"AMBER","RED"))) -> RED | Q20: =IFERROR(INDEX('DELAY CODE REGISTER'!$C$6:$C$49,MATCH(G20,'DELAY CODE REGISTER'!$B$6:$B$49,0)),"") -> Under Utilization
B21: 46280 | C21: Y | D21: 10328 | E21: 10335 | F21: =IF(OR($E21="",$D21=""),"",MAX(0,$E21-$D21)) -> 7 | G21: OD-U | H21: 11 | J21: =IF($C21="Y",'SETUP & TARGETS'!$C7,0) -> 18 | K21: =$K20+$J21 -> 270 | L21: =$L20+N($F21) -> 123 | M21: =IFERROR($L21/$K21,0) -> 0.45555556 | N21: =IF($F21="","",IFERROR($F21/'SETUP & TARGETS'!$C7,0)) -> 0.38888889 | O21: =IF(OR($C21<>"Y",COUNT($D21,$E21,$H21,$I21)=0),"",MAX(0,IFERROR(('SETUP & TARGETS'!$C$10-N($I21))/'SETUP & TARGETS'!$C$10,0))) -> 1 | P21: =IF($K21=0,"",IF($M21>='SETUP & TARGETS'!$C11,"GREEN",IF($M21>='SETUP & TARGETS'!$C13,"AMBER","RED"))) -> RED | Q21: =IFERROR(INDEX('DELAY CODE REGISTER'!$C$6:$C$49,MATCH(G21,'DELAY CODE REGISTER'!$B$6:$B$49,0)),"") -> Under Utilization
B22: 46281 | C22: Y | F22: =IF(OR($E22="",$D22=""),"",MAX(0,$E22-$D22)) | J22: =IF($C22="Y",'SETUP & TARGETS'!$C7,0) -> 18 | K22: =$K21+$J22 -> 288 | L22: =$L21+N($F22) -> 123 | M22: =IFERROR($L22/$K22,0) -> 0.42708333 | N22: =IF($F22="","",IFERROR($F22/'SETUP & TARGETS'!$C7,0)) | O22: =IF(OR($C22<>"Y",COUNT($D22,$E22,$H22,$I22)=0),"",MAX(0,IFERROR(('SETUP & TARGETS'!$C$10-N($I22))/'SETUP & TARGETS'!$C$10,0))) | P22: =IF($K22=0,"",IF($M22>='SETUP & TARGETS'!$C11,"GREEN",IF($M22>='SETUP & TARGETS'!$C13,"AMBER","RED"))) -> RED | Q22: =IFERROR(INDEX('DELAY CODE REGISTER'!$C$6:$C$49,MATCH(G22,'DELAY CODE REGISTER'!$B$6:$B$49,0)),"")
B23: 46282 | C23: Y | F23: =IF(OR($E23="",$D23=""),"",MAX(0,$E23-$D23)) | J23: =IF($C23="Y",'SETUP & TARGETS'!$C7,0) -> 18 | K23: =$K22+$J23 -> 306 | L23: =$L22+N($F23) -> 123 | M23: =IFERROR($L23/$K23,0) -> 0.40196078 | N23: =IF($F23="","",IFERROR($F23/'SETUP & TARGETS'!$C7,0)) | O23: =IF(OR($C23<>"Y",COUNT($D23,$E23,$H23,$I23)=0),"",MAX(0,IFERROR(('SETUP & TARGETS'!$C$10-N($I23))/'SETUP & TARGETS'!$C$10,0))) | P23: =IF($K23=0,"",IF($M23>='SETUP & TARGETS'!$C11,"GREEN",IF($M23>='SETUP & TARGETS'!$C13,"AMBER","RED"))) -> RED | Q23: =IFERROR(INDEX('DELAY CODE REGISTER'!$C$6:$C$49,MATCH(G23,'DELAY CODE REGISTER'!$B$6:$B$49,0)),"")
B24: 46283 | C24: Y | F24: =IF(OR($E24="",$D24=""),"",MAX(0,$E24-$D24)) | J24: =IF($C24="Y",'SETUP & TARGETS'!$C7,0) -> 18 | K24: =$K23+$J24 -> 324 | L24: =$L23+N($F24) -> 123 | M24: =IFERROR($L24/$K24,0) -> 0.37962963 | N24: =IF($F24="","",IFERROR($F24/'SETUP & TARGETS'!$C7,0)) | O24: =IF(OR($C24<>"Y",COUNT($D24,$E24,$H24,$I24)=0),"",MAX(0,IFERROR(('SETUP & TARGETS'!$C$10-N($I24))/'SETUP & TARGETS'!$C$10,0))) | P24: =IF($K24=0,"",IF($M24>='SETUP & TARGETS'!$C11,"GREEN",IF($M24>='SETUP & TARGETS'!$C13,"AMBER","RED"))) -> RED | Q24: =IFERROR(INDEX('DELAY CODE REGISTER'!$C$6:$C$49,MATCH(G24,'DELAY CODE REGISTER'!$B$6:$B$49,0)),"")
B25: 46284 | C25: Y | F25: =IF(OR($E25="",$D25=""),"",MAX(0,$E25-$D25)) | J25: =IF($C25="Y",'SETUP & TARGETS'!$C7,0) -> 18 | K25: =$K24+$J25 -> 342 | L25: =$L24+N($F25) -> 123 | M25: =IFERROR($L25/$K25,0) -> 0.35964912 | N25: =IF($F25="","",IFERROR($F25/'SETUP & TARGETS'!$C7,0)) | O25: =IF(OR($C25<>"Y",COUNT($D25,$E25,$H25,$I25)=0),"",MAX(0,IFERROR(('SETUP & TARGETS'!$C$10-N($I25))/'SETUP & TARGETS'!$C$10,0))) | P25: =IF($K25=0,"",IF($M25>='SETUP & TARGETS'!$C11,"GREEN",IF($M25>='SETUP & TARGETS'!$C13,"AMBER","RED"))) -> RED | Q25: =IFERROR(INDEX('DELAY CODE REGISTER'!$C$6:$C$49,MATCH(G25,'DELAY CODE REGISTER'!$B$6:$B$49,0)),"")
B26: 46285 | C26: Y | F26: =IF(OR($E26="",$D26=""),"",MAX(0,$E26-$D26)) | J26: =IF($C26="Y",'SETUP & TARGETS'!$C7,0) -> 18 | K26: =$K25+$J26 -> 360 | L26: =$L25+N($F26) -> 123 | M26: =IFERROR($L26/$K26,0) -> 0.34166667 | N26: =IF($F26="","",IFERROR($F26/'SETUP & TARGETS'!$C7,0)) | O26: =IF(OR($C26<>"Y",COUNT($D26,$E26,$H26,$I26)=0),"",MAX(0,IFERROR(('SETUP & TARGETS'!$C$10-N($I26))/'SETUP & TARGETS'!$C$10,0))) | P26: =IF($K26=0,"",IF($M26>='SETUP & TARGETS'!$C11,"GREEN",IF($M26>='SETUP & TARGETS'!$C13,"AMBER","RED"))) -> RED | Q26: =IFERROR(INDEX('DELAY CODE REGISTER'!$C$6:$C$49,MATCH(G26,'DELAY CODE REGISTER'!$B$6:$B$49,0)),"")
B27: 46286 | C27: Y | F27: =IF(OR($E27="",$D27=""),"",MAX(0,$E27-$D27)) | J27: =IF($C27="Y",'SETUP & TARGETS'!$C7,0) -> 18 | K27: =$K26+$J27 -> 378 | L27: =$L26+N($F27) -> 123 | M27: =IFERROR($L27/$K27,0) -> 0.32539683 | N27: =IF($F27="","",IFERROR($F27/'SETUP & TARGETS'!$C7,0)) | O27: =IF(OR($C27<>"Y",COUNT($D27,$E27,$H27,$I27)=0),"",MAX(0,IFERROR(('SETUP & TARGETS'!$C$10-N($I27))/'SETUP & TARGETS'!$C$10,0))) | P27: =IF($K27=0,"",IF($M27>='SETUP & TARGETS'!$C11,"GREEN",IF($M27>='SETUP & TARGETS'!$C13,"AMBER","RED"))) -> RED | Q27: =IFERROR(INDEX('DELAY CODE REGISTER'!$C$6:$C$49,MATCH(G27,'DELAY CODE REGISTER'!$B$6:$B$49,0)),"")
B28: 46287 | C28: Y | F28: =IF(OR($E28="",$D28=""),"",MAX(0,$E28-$D28)) | J28: =IF($C28="Y",'SETUP & TARGETS'!$C7,0) -> 18 | K28: =$K27+$J28 -> 396 | L28: =$L27+N($F28) -> 123 | M28: =IFERROR($L28/$K28,0) -> 0.31060606 | N28: =IF($F28="","",IFERROR($F28/'SETUP & TARGETS'!$C7,0)) | O28: =IF(OR($C28<>"Y",COUNT($D28,$E28,$H28,$I28)=0),"",MAX(0,IFERROR(('SETUP & TARGETS'!$C$10-N($I28))/'SETUP & TARGETS'!$C$10,0))) | P28: =IF($K28=0,"",IF($M28>='SETUP & TARGETS'!$C11,"GREEN",IF($M28>='SETUP & TARGETS'!$C13,"AMBER","RED"))) -> RED | Q28: =IFERROR(INDEX('DELAY CODE REGISTER'!$C$6:$C$49,MATCH(G28,'DELAY CODE REGISTER'!$B$6:$B$49,0)),"")
B29: 46288 | C29: Y | F29: =IF(OR($E29="",$D29=""),"",MAX(0,$E29-$D29)) | J29: =IF($C29="Y",'SETUP & TARGETS'!$C7,0) -> 18 | K29: =$K28+$J29 -> 414 | L29: =$L28+N($F29) -> 123 | M29: =IFERROR($L29/$K29,0) -> 0.29710145 | N29: =IF($F29="","",IFERROR($F29/'SETUP & TARGETS'!$C7,0)) | O29: =IF(OR($C29<>"Y",COUNT($D29,$E29,$H29,$I29)=0),"",MAX(0,IFERROR(('SETUP & TARGETS'!$C$10-N($I29))/'SETUP & TARGETS'!$C$10,0))) | P29: =IF($K29=0,"",IF($M29>='SETUP & TARGETS'!$C11,"GREEN",IF($M29>='SETUP & TARGETS'!$C13,"AMBER","RED"))) -> RED | Q29: =IFERROR(INDEX('DELAY CODE REGISTER'!$C$6:$C$49,MATCH(G29,'DELAY CODE REGISTER'!$B$6:$B$49,0)),"")
B30: 46289 | C30: Y | F30: =IF(OR($E30="",$D30=""),"",MAX(0,$E30-$D30)) | J30: =IF($C30="Y",'SETUP & TARGETS'!$C7,0) -> 18 | K30: =$K29+$J30 -> 432 | L30: =$L29+N($F30) -> 123 | M30: =IFERROR($L30/$K30,0) -> 0.28472222 | N30: =IF($F30="","",IFERROR($F30/'SETUP & TARGETS'!$C7,0)) | O30: =IF(OR($C30<>"Y",COUNT($D30,$E30,$H30,$I30)=0),"",MAX(0,IFERROR(('SETUP & TARGETS'!$C$10-N($I30))/'SETUP & TARGETS'!$C$10,0))) | P30: =IF($K30=0,"",IF($M30>='SETUP & TARGETS'!$C11,"GREEN",IF($M30>='SETUP & TARGETS'!$C13,"AMBER","RED"))) -> RED | Q30: =IFERROR(INDEX('DELAY CODE REGISTER'!$C$6:$C$49,MATCH(G30,'DELAY CODE REGISTER'!$B$6:$B$49,0)),"")
B31: 46290 | C31: Y | F31: =IF(OR($E31="",$D31=""),"",MAX(0,$E31-$D31)) | J31: =IF($C31="Y",'SETUP & TARGETS'!$C7,0) -> 18 | K31: =$K30+$J31 -> 450 | L31: =$L30+N($F31) -> 123 | M31: =IFERROR($L31/$K31,0) -> 0.27333333 | N31: =IF($F31="","",IFERROR($F31/'SETUP & TARGETS'!$C7,0)) | O31: =IF(OR($C31<>"Y",COUNT($D31,$E31,$H31,$I31)=0),"",MAX(0,IFERROR(('SETUP & TARGETS'!$C$10-N($I31))/'SETUP & TARGETS'!$C$10,0))) | P31: =IF($K31=0,"",IF($M31>='SETUP & TARGETS'!$C11,"GREEN",IF($M31>='SETUP & TARGETS'!$C13,"AMBER","RED"))) -> RED | Q31: =IFERROR(INDEX('DELAY CODE REGISTER'!$C$6:$C$49,MATCH(G31,'DELAY CODE REGISTER'!$B$6:$B$49,0)),"")
B32: 46291 | C32: Y | F32: =IF(OR($E32="",$D32=""),"",MAX(0,$E32-$D32)) | J32: =IF($C32="Y",'SETUP & TARGETS'!$C7,0) -> 18 | K32: =$K31+$J32 -> 468 | L32: =$L31+N($F32) -> 123 | M32: =IFERROR($L32/$K32,0) -> 0.26282051 | N32: =IF($F32="","",IFERROR($F32/'SETUP & TARGETS'!$C7,0)) | O32: =IF(OR($C32<>"Y",COUNT($D32,$E32,$H32,$I32)=0),"",MAX(0,IFERROR(('SETUP & TARGETS'!$C$10-N($I32))/'SETUP & TARGETS'!$C$10,0))) | P32: =IF($K32=0,"",IF($M32>='SETUP & TARGETS'!$C11,"GREEN",IF($M32>='SETUP & TARGETS'!$C13,"AMBER","RED"))) -> RED | Q32: =IFERROR(INDEX('DELAY CODE REGISTER'!$C$6:$C$49,MATCH(G32,'DELAY CODE REGISTER'!$B$6:$B$49,0)),"")
B33: 46292 | C33: Y | F33: =IF(OR($E33="",$D33=""),"",MAX(0,$E33-$D33)) | J33: =IF($C33="Y",'SETUP & TARGETS'!$C7,0) -> 18 | K33: =$K32+$J33 -> 486 | L33: =$L32+N($F33) -> 123 | M33: =IFERROR($L33/$K33,0) -> 0.25308642 | N33: =IF($F33="","",IFERROR($F33/'SETUP & TARGETS'!$C7,0)) | O33: =IF(OR($C33<>"Y",COUNT($D33,$E33,$H33,$I33)=0),"",MAX(0,IFERROR(('SETUP & TARGETS'!$C$10-N($I33))/'SETUP & TARGETS'!$C$10,0))) | P33: =IF($K33=0,"",IF($M33>='SETUP & TARGETS'!$C11,"GREEN",IF($M33>='SETUP & TARGETS'!$C13,"AMBER","RED"))) -> RED | Q33: =IFERROR(INDEX('DELAY CODE REGISTER'!$C$6:$C$49,MATCH(G33,'DELAY CODE REGISTER'!$B$6:$B$49,0)),"")
B34: 46293 | C34: Y | F34: =IF(OR($E34="",$D34=""),"",MAX(0,$E34-$D34)) | J34: =IF($C34="Y",'SETUP & TARGETS'!$C7,0) -> 18 | K34: =$K33+$J34 -> 504 | L34: =$L33+N($F34) -> 123 | M34: =IFERROR($L34/$K34,0) -> 0.24404762 | N34: =IF($F34="","",IFERROR($F34/'SETUP & TARGETS'!$C7,0)) | O34: =IF(OR($C34<>"Y",COUNT($D34,$E34,$H34,$I34)=0),"",MAX(0,IFERROR(('SETUP & TARGETS'!$C$10-N($I34))/'SETUP & TARGETS'!$C$10,0))) | P34: =IF($K34=0,"",IF($M34>='SETUP & TARGETS'!$C11,"GREEN",IF($M34>='SETUP & TARGETS'!$C13,"AMBER","RED"))) -> RED | Q34: =IFERROR(INDEX('DELAY CODE REGISTER'!$C$6:$C$49,MATCH(G34,'DELAY CODE REGISTER'!$B$6:$B$49,0)),"")
B35: 46294 | C35: Y | F35: =IF(OR($E35="",$D35=""),"",MAX(0,$E35-$D35)) | J35: =IF($C35="Y",'SETUP & TARGETS'!$C7,0) -> 18 | K35: =$K34+$J35 -> 522 | L35: =$L34+N($F35) -> 123 | M35: =IFERROR($L35/$K35,0) -> 0.23563218 | N35: =IF($F35="","",IFERROR($F35/'SETUP & TARGETS'!$C7,0)) | O35: =IF(OR($C35<>"Y",COUNT($D35,$E35,$H35,$I35)=0),"",MAX(0,IFERROR(('SETUP & TARGETS'!$C$10-N($I35))/'SETUP & TARGETS'!$C$10,0))) | P35: =IF($K35=0,"",IF($M35>='SETUP & TARGETS'!$C11,"GREEN",IF($M35>='SETUP & TARGETS'!$C13,"AMBER","RED"))) -> RED | Q35: =IFERROR(INDEX('DELAY CODE REGISTER'!$C$6:$C$49,MATCH(G35,'DELAY CODE REGISTER'!$B$6:$B$49,0)),"")
B36: 46295 | C36: Y | F36: =IF(OR($E36="",$D36=""),"",MAX(0,$E36-$D36)) | J36: =IF($C36="Y",'SETUP & TARGETS'!$C7,0) -> 18 | K36: =$K35+$J36 -> 540 | L36: =$L35+N($F36) -> 123 | M36: =IFERROR($L36/$K36,0) -> 0.22777778 | N36: =IF($F36="","",IFERROR($F36/'SETUP & TARGETS'!$C7,0)) | O36: =IF(OR($C36<>"Y",COUNT($D36,$E36,$H36,$I36)=0),"",MAX(0,IFERROR(('SETUP & TARGETS'!$C$10-N($I36))/'SETUP & TARGETS'!$C$10,0))) | P36: =IF($K36=0,"",IF($M36>='SETUP & TARGETS'!$C11,"GREEN",IF($M36>='SETUP & TARGETS'!$C13,"AMBER","RED"))) -> RED | Q36: =IFERROR(INDEX('DELAY CODE REGISTER'!$C$6:$C$49,MATCH(G36,'DELAY CODE REGISTER'!$B$6:$B$49,0)),"")
C37: Y | F37: =IF(OR($E37="",$D37=""),"",MAX(0,$E37-$D37)) | J37: =IF($C37="Y",'SETUP & TARGETS'!$C7,0) -> 18 | K37: =$K36+$J37 -> 558 | L37: =$L36+N($F37) -> 123 | M37: =IFERROR($L37/$K37,0) -> 0.22043011 | N37: =IF($F37="","",IFERROR($F37/'SETUP & TARGETS'!$C7,0)) | O37: =IF(OR($C37<>"Y",COUNT($D37,$E37,$H37,$I37)=0),"",MAX(0,IFERROR(('SETUP & TARGETS'!$C$10-N($I37))/'SETUP & TARGETS'!$C$10,0))) | P37: =IF($K37=0,"",IF($M37>='SETUP & TARGETS'!$C11,"GREEN",IF($M37>='SETUP & TARGETS'!$C13,"AMBER","RED"))) -> RED | Q37: =IFERROR(INDEX('DELAY CODE REGISTER'!$C$6:$C$49,MATCH(G37,'DELAY CODE REGISTER'!$B$6:$B$49,0)),"")
B38: MONTH TOTAL | F38: =SUM(F7:F37) -> 123 | H38: =SUM(H7:H37) -> 143 | I38: =SUM(I7:I37) -> 0 | J38: =SUM(J7:J37) -> 558 | K38: =K37 -> 558 | L38: =L37 -> 123 | M38: =IFERROR(L38/K38,0) -> 0.22043011 | N38: =IFERROR(F38/'SETUP & TARGETS'!$C9,0) -> 0.22043011 | O38: =IF(COUNT(O7:O37)=0,0,AVERAGE(O7:O37)) -> 1

Sheet MECHANIC ROSTER
B2: MECHANIC SHIFT ROSTER & ATTENDANCE
B3: Exxaro Grootegeluk | PLANT OPTIMIZATION
B4: Capture the shift and the hours each mechanic was on site. Productive hours pull automatically from the MAINTENANCE LOG, so a mechanic only earns productive hours against a logged job.
B6: DATE | C6: ='SETUP & TARGETS'!$B$40 -> Lindokuhle Ntombela | G6: ='SETUP & TARGETS'!$B$41 -> Motlalepula Molefe | K6: ='SETUP & TARGETS'!$B$42 -> Thabo Monyane | O6: ='SETUP & TARGETS'!$B$43 -> Tshepang Maepa
C7: SHIFT | D7: SCHED HRS | E7: HRS ON SITE | F7: PROD HRS | G7: SHIFT | H7: SCHED HRS | I7: HRS ON SITE | J7: PROD HRS | K7: SHIFT | L7: SCHED HRS | M7: HRS ON SITE | N7: PROD HRS | O7: SHIFT | P7: SCHED HRS | Q7: HRS ON SITE | R7: PROD HRS
B8: ='CRT220'!B7 -> 46266 | D8: =IF($C8="","",IF($C8="O",0,'SETUP & TARGETS'!$C$28)) | F8: =IF($B8="","",SUMIFS('MAINTENANCE LOG'!$R$8:$R$107,'MAINTENANCE LOG'!$J$8:$J$107,C$6,'MAINTENANCE LOG'!$H$8:$H$107,$B8)+SUMIFS('MAINTENANCE LOG'!$R$8:$R$107,'MAINTENANCE LOG'!$K$8:$K$107,C$6,'MAINTENANCE LOG'!$H$8:$H$107,$B8)) -> 0 | H8: =IF($G8="","",IF($G8="O",0,'SETUP & TARGETS'!$C$28)) | J8: =IF($B8="","",SUMIFS('MAINTENANCE LOG'!$R$8:$R$107,'MAINTENANCE LOG'!$J$8:$J$107,G$6,'MAINTENANCE LOG'!$H$8:$H$107,$B8)+SUMIFS('MAINTENANCE LOG'!$R$8:$R$107,'MAINTENANCE LOG'!$K$8:$K$107,G$6,'MAINTENANCE LOG'!$H$8:$H$107,$B8)) -> 0 | L8: =IF($K8="","",IF($K8="O",0,'SETUP & TARGETS'!$C$28)) | N8: =IF($B8="","",SUMIFS('MAINTENANCE LOG'!$R$8:$R$107,'MAINTENANCE LOG'!$J$8:$J$107,K$6,'MAINTENANCE LOG'!$H$8:$H$107,$B8)+SUMIFS('MAINTENANCE LOG'!$R$8:$R$107,'MAINTENANCE LOG'!$K$8:$K$107,K$6,'MAINTENANCE LOG'!$H$8:$H$107,$B8)) -> 0 | P8: =IF($O8="","",IF($O8="O",0,'SETUP & TARGETS'!$C$28)) | R8: =IF($B8="","",SUMIFS('MAINTENANCE LOG'!$R$8:$R$107,'MAINTENANCE LOG'!$J$8:$J$107,O$6,'MAINTENANCE LOG'!$H$8:$H$107,$B8)+SUMIFS('MAINTENANCE LOG'!$R$8:$R$107,'MAINTENANCE LOG'!$K$8:$K$107,O$6,'MAINTENANCE LOG'!$H$8:$H$107,$B8)) -> 0
B9: ='CRT220'!B8 -> 46267 | D9: =IF($C9="","",IF($C9="O",0,'SETUP & TARGETS'!$C$28)) | F9: =IF($B9="","",SUMIFS('MAINTENANCE LOG'!$R$8:$R$107,'MAINTENANCE LOG'!$J$8:$J$107,C$6,'MAINTENANCE LOG'!$H$8:$H$107,$B9)+SUMIFS('MAINTENANCE LOG'!$R$8:$R$107,'MAINTENANCE LOG'!$K$8:$K$107,C$6,'MAINTENANCE LOG'!$H$8:$H$107,$B9)) -> 0 | H9: =IF($G9="","",IF($G9="O",0,'SETUP & TARGETS'!$C$28)) | J9: =IF($B9="","",SUMIFS('MAINTENANCE LOG'!$R$8:$R$107,'MAINTENANCE LOG'!$J$8:$J$107,G$6,'MAINTENANCE LOG'!$H$8:$H$107,$B9)+SUMIFS('MAINTENANCE LOG'!$R$8:$R$107,'MAINTENANCE LOG'!$K$8:$K$107,G$6,'MAINTENANCE LOG'!$H$8:$H$107,$B9)) -> 0 | L9: =IF($K9="","",IF($K9="O",0,'SETUP & TARGETS'!$C$28)) | N9: =IF($B9="","",SUMIFS('MAINTENANCE LOG'!$R$8:$R$107,'MAINTENANCE LOG'!$J$8:$J$107,K$6,'MAINTENANCE LOG'!$H$8:$H$107,$B9)+SUMIFS('MAINTENANCE LOG'!$R$8:$R$107,'MAINTENANCE LOG'!$K$8:$K$107,K$6,'MAINTENANCE LOG'!$H$8:$H$107,$B9)) -> 0 | P9: =IF($O9="","",IF($O9="O",0,'SETUP & TARGETS'!$C$28)) | R9: =IF($B9="","",SUMIFS('MAINTENANCE LOG'!$R$8:$R$107,'MAINTENANCE LOG'!$J$8:$J$107,O$6,'MAINTENANCE LOG'!$H$8:$H$107,$B9)+SUMIFS('MAINTENANCE LOG'!$R$8:$R$107,'MAINTENANCE LOG'!$K$8:$K$107,O$6,'MAINTENANCE LOG'!$H$8:$H$107,$B9)) -> 0
B10: ='CRT220'!B9 -> 46268 | D10: =IF($C10="","",IF($C10="O",0,'SETUP & TARGETS'!$C$28)) | F10: =IF($B10="","",SUMIFS('MAINTENANCE LOG'!$R$8:$R$107,'MAINTENANCE LOG'!$J$8:$J$107,C$6,'MAINTENANCE LOG'!$H$8:$H$107,$B10)+SUMIFS('MAINTENANCE LOG'!$R$8:$R$107,'MAINTENANCE LOG'!$K$8:$K$107,C$6,'MAINTENANCE LOG'!$H$8:$H$107,$B10)) -> 0 | H10: =IF($G10="","",IF($G10="O",0,'SETUP & TARGETS'!$C$28)) | J10: =IF($B10="","",SUMIFS('MAINTENANCE LOG'!$R$8:$R$107,'MAINTENANCE LOG'!$J$8:$J$107,G$6,'MAINTENANCE LOG'!$H$8:$H$107,$B10)+SUMIFS('MAINTENANCE LOG'!$R$8:$R$107,'MAINTENANCE LOG'!$K$8:$K$107,G$6,'MAINTENANCE LOG'!$H$8:$H$107,$B10)) -> 0 | L10: =IF($K10="","",IF($K10="O",0,'SETUP & TARGETS'!$C$28)) | N10: =IF($B10="","",SUMIFS('MAINTENANCE LOG'!$R$8:$R$107,'MAINTENANCE LOG'!$J$8:$J$107,K$6,'MAINTENANCE LOG'!$H$8:$H$107,$B10)+SUMIFS('MAINTENANCE LOG'!$R$8:$R$107,'MAINTENANCE LOG'!$K$8:$K$107,K$6,'MAINTENANCE LOG'!$H$8:$H$107,$B10)) -> 0 | P10: =IF($O10="","",IF($O10="O",0,'SETUP & TARGETS'!$C$28)) | R10: =IF($B10="","",SUMIFS('MAINTENANCE LOG'!$R$8:$R$107,'MAINTENANCE LOG'!$J$8:$J$107,O$6,'MAINTENANCE LOG'!$H$8:$H$107,$B10)+SUMIFS('MAINTENANCE LOG'!$R$8:$R$107,'MAINTENANCE LOG'!$K$8:$K$107,O$6,'MAINTENANCE LOG'!$H$8:$H$107,$B10)) -> 0
B11: ='CRT220'!B10 -> 46269 | D11: =IF($C11="","",IF($C11="O",0,'SETUP & TARGETS'!$C$28)) | F11: =IF($B11="","",SUMIFS('MAINTENANCE LOG'!$R$8:$R$107,'MAINTENANCE LOG'!$J$8:$J$107,C$6,'MAINTENANCE LOG'!$H$8:$H$107,$B11)+SUMIFS('MAINTENANCE LOG'!$R$8:$R$107,'MAINTENANCE LOG'!$K$8:$K$107,C$6,'MAINTENANCE LOG'!$H$8:$H$107,$B11)) -> 0 | H11: =IF($G11="","",IF($G11="O",0,'SETUP & TARGETS'!$C$28)) | J11: =IF($B11="","",SUMIFS('MAINTENANCE LOG'!$R$8:$R$107,'MAINTENANCE LOG'!$J$8:$J$107,G$6,'MAINTENANCE LOG'!$H$8:$H$107,$B11)+SUMIFS('MAINTENANCE LOG'!$R$8:$R$107,'MAINTENANCE LOG'!$K$8:$K$107,G$6,'MAINTENANCE LOG'!$H$8:$H$107,$B11)) -> 0 | L11: =IF($K11="","",IF($K11="O",0,'SETUP & TARGETS'!$C$28)) | N11: =IF($B11="","",SUMIFS('MAINTENANCE LOG'!$R$8:$R$107,'MAINTENANCE LOG'!$J$8:$J$107,K$6,'MAINTENANCE LOG'!$H$8:$H$107,$B11)+SUMIFS('MAINTENANCE LOG'!$R$8:$R$107,'MAINTENANCE LOG'!$K$8:$K$107,K$6,'MAINTENANCE LOG'!$H$8:$H$107,$B11)) -> 0 | P11: =IF($O11="","",IF($O11="O",0,'SETUP & TARGETS'!$C$28)) | R11: =IF($B11="","",SUMIFS('MAINTENANCE LOG'!$R$8:$R$107,'MAINTENANCE LOG'!$J$8:$J$107,O$6,'MAINTENANCE LOG'!$H$8:$H$107,$B11)+SUMIFS('MAINTENANCE LOG'!$R$8:$R$107,'MAINTENANCE LOG'!$K$8:$K$107,O$6,'MAINTENANCE LOG'!$H$8:$H$107,$B11)) -> 0
B12: ='CRT220'!B11 -> 46270 | D12: =IF($C12="","",IF($C12="O",0,'SETUP & TARGETS'!$C$28)) | F12: =IF($B12="","",SUMIFS('MAINTENANCE LOG'!$R$8:$R$107,'MAINTENANCE LOG'!$J$8:$J$107,C$6,'MAINTENANCE LOG'!$H$8:$H$107,$B12)+SUMIFS('MAINTENANCE LOG'!$R$8:$R$107,'MAINTENANCE LOG'!$K$8:$K$107,C$6,'MAINTENANCE LOG'!$H$8:$H$107,$B12)) -> 0 | H12: =IF($G12="","",IF($G12="O",0,'SETUP & TARGETS'!$C$28)) | J12: =IF($B12="","",SUMIFS('MAINTENANCE LOG'!$R$8:$R$107,'MAINTENANCE LOG'!$J$8:$J$107,G$6,'MAINTENANCE LOG'!$H$8:$H$107,$B12)+SUMIFS('MAINTENANCE LOG'!$R$8:$R$107,'MAINTENANCE LOG'!$K$8:$K$107,G$6,'MAINTENANCE LOG'!$H$8:$H$107,$B12)) -> 0 | L12: =IF($K12="","",IF($K12="O",0,'SETUP & TARGETS'!$C$28)) | N12: =IF($B12="","",SUMIFS('MAINTENANCE LOG'!$R$8:$R$107,'MAINTENANCE LOG'!$J$8:$J$107,K$6,'MAINTENANCE LOG'!$H$8:$H$107,$B12)+SUMIFS('MAINTENANCE LOG'!$R$8:$R$107,'MAINTENANCE LOG'!$K$8:$K$107,K$6,'MAINTENANCE LOG'!$H$8:$H$107,$B12)) -> 0 | P12: =IF($O12="","",IF($O12="O",0,'SETUP & TARGETS'!$C$28)) | R12: =IF($B12="","",SUMIFS('MAINTENANCE LOG'!$R$8:$R$107,'MAINTENANCE LOG'!$J$8:$J$107,O$6,'MAINTENANCE LOG'!$H$8:$H$107,$B12)+SUMIFS('MAINTENANCE LOG'!$R$8:$R$107,'MAINTENANCE LOG'!$K$8:$K$107,O$6,'MAINTENANCE LOG'!$H$8:$H$107,$B12)) -> 0
B13: ='CRT220'!B12 -> 46271 | D13: =IF($C13="","",IF($C13="O",0,'SETUP & TARGETS'!$C$28)) | F13: =IF($B13="","",SUMIFS('MAINTENANCE LOG'!$R$8:$R$107,'MAINTENANCE LOG'!$J$8:$J$107,C$6,'MAINTENANCE LOG'!$H$8:$H$107,$B13)+SUMIFS('MAINTENANCE LOG'!$R$8:$R$107,'MAINTENANCE LOG'!$K$8:$K$107,C$6,'MAINTENANCE LOG'!$H$8:$H$107,$B13)) -> 0 | H13: =IF($G13="","",IF($G13="O",0,'SETUP & TARGETS'!$C$28)) | J13: =IF($B13="","",SUMIFS('MAINTENANCE LOG'!$R$8:$R$107,'MAINTENANCE LOG'!$J$8:$J$107,G$6,'MAINTENANCE LOG'!$H$8:$H$107,$B13)+SUMIFS('MAINTENANCE LOG'!$R$8:$R$107,'MAINTENANCE LOG'!$K$8:$K$107,G$6,'MAINTENANCE LOG'!$H$8:$H$107,$B13)) -> 0 | L13: =IF($K13="","",IF($K13="O",0,'SETUP & TARGETS'!$C$28)) | N13: =IF($B13="","",SUMIFS('MAINTENANCE LOG'!$R$8:$R$107,'MAINTENANCE LOG'!$J$8:$J$107,K$6,'MAINTENANCE LOG'!$H$8:$H$107,$B13)+SUMIFS('MAINTENANCE LOG'!$R$8:$R$107,'MAINTENANCE LOG'!$K$8:$K$107,K$6,'MAINTENANCE LOG'!$H$8:$H$107,$B13)) -> 0 | P13: =IF($O13="","",IF($O13="O",0,'SETUP & TARGETS'!$C$28)) | R13: =IF($B13="","",SUMIFS('MAINTENANCE LOG'!$R$8:$R$107,'MAINTENANCE LOG'!$J$8:$J$107,O$6,'MAINTENANCE LOG'!$H$8:$H$107,$B13)+SUMIFS('MAINTENANCE LOG'!$R$8:$R$107,'MAINTENANCE LOG'!$K$8:$K$107,O$6,'MAINTENANCE LOG'!$H$8:$H$107,$B13)) -> 0
B14: ='CRT220'!B13 -> 46272 | D14: =IF($C14="","",IF($C14="O",0,'SETUP & TARGETS'!$C$28)) | F14: =IF($B14="","",SUMIFS('MAINTENANCE LOG'!$R$8:$R$107,'MAINTENANCE LOG'!$J$8:$J$107,C$6,'MAINTENANCE LOG'!$H$8:$H$107,$B14)+SUMIFS('MAINTENANCE LOG'!$R$8:$R$107,'MAINTENANCE LOG'!$K$8:$K$107,C$6,'MAINTENANCE LOG'!$H$8:$H$107,$B14)) -> 0 | H14: =IF($G14="","",IF($G14="O",0,'SETUP & TARGETS'!$C$28)) | J14: =IF($B14="","",SUMIFS('MAINTENANCE LOG'!$R$8:$R$107,'MAINTENANCE LOG'!$J$8:$J$107,G$6,'MAINTENANCE LOG'!$H$8:$H$107,$B14)+SUMIFS('MAINTENANCE LOG'!$R$8:$R$107,'MAINTENANCE LOG'!$K$8:$K$107,G$6,'MAINTENANCE LOG'!$H$8:$H$107,$B14)) -> 0 | L14: =IF($K14="","",IF($K14="O",0,'SETUP & TARGETS'!$C$28)) | N14: =IF($B14="","",SUMIFS('MAINTENANCE LOG'!$R$8:$R$107,'MAINTENANCE LOG'!$J$8:$J$107,K$6,'MAINTENANCE LOG'!$H$8:$H$107,$B14)+SUMIFS('MAINTENANCE LOG'!$R$8:$R$107,'MAINTENANCE LOG'!$K$8:$K$107,K$6,'MAINTENANCE LOG'!$H$8:$H$107,$B14)) -> 0 | P14: =IF($O14="","",IF($O14="O",0,'SETUP & TARGETS'!$C$28)) | R14: =IF($B14="","",SUMIFS('MAINTENANCE LOG'!$R$8:$R$107,'MAINTENANCE LOG'!$J$8:$J$107,O$6,'MAINTENANCE LOG'!$H$8:$H$107,$B14)+SUMIFS('MAINTENANCE LOG'!$R$8:$R$107,'MAINTENANCE LOG'!$K$8:$K$107,O$6,'MAINTENANCE LOG'!$H$8:$H$107,$B14)) -> 0
B15: ='CRT220'!B14 -> 46273 | D15: =IF($C15="","",IF($C15="O",0,'SETUP & TARGETS'!$C$28)) | F15: =IF($B15="","",SUMIFS('MAINTENANCE LOG'!$R$8:$R$107,'MAINTENANCE LOG'!$J$8:$J$107,C$6,'MAINTENANCE LOG'!$H$8:$H$107,$B15)+SUMIFS('MAINTENANCE LOG'!$R$8:$R$107,'MAINTENANCE LOG'!$K$8:$K$107,C$6,'MAINTENANCE LOG'!$H$8:$H$107,$B15)) -> 0 | H15: =IF($G15="","",IF($G15="O",0,'SETUP & TARGETS'!$C$28)) | J15: =IF($B15="","",SUMIFS('MAINTENANCE LOG'!$R$8:$R$107,'MAINTENANCE LOG'!$J$8:$J$107,G$6,'MAINTENANCE LOG'!$H$8:$H$107,$B15)+SUMIFS('MAINTENANCE LOG'!$R$8:$R$107,'MAINTENANCE LOG'!$K$8:$K$107,G$6,'MAINTENANCE LOG'!$H$8:$H$107,$B15)) -> 0 | L15: =IF($K15="","",IF($K15="O",0,'SETUP & TARGETS'!$C$28)) | N15: =IF($B15="","",SUMIFS('MAINTENANCE LOG'!$R$8:$R$107,'MAINTENANCE LOG'!$J$8:$J$107,K$6,'MAINTENANCE LOG'!$H$8:$H$107,$B15)+SUMIFS('MAINTENANCE LOG'!$R$8:$R$107,'MAINTENANCE LOG'!$K$8:$K$107,K$6,'MAINTENANCE LOG'!$H$8:$H$107,$B15)) -> 0 | P15: =IF($O15="","",IF($O15="O",0,'SETUP & TARGETS'!$C$28)) | R15: =IF($B15="","",SUMIFS('MAINTENANCE LOG'!$R$8:$R$107,'MAINTENANCE LOG'!$J$8:$J$107,O$6,'MAINTENANCE LOG'!$H$8:$H$107,$B15)+SUMIFS('MAINTENANCE LOG'!$R$8:$R$107,'MAINTENANCE LOG'!$K$8:$K$107,O$6,'MAINTENANCE LOG'!$H$8:$H$107,$B15)) -> 0
B16: ='CRT220'!B15 -> 46274 | D16: =IF($C16="","",IF($C16="O",0,'SETUP & TARGETS'!$C$28)) | F16: =IF($B16="","",SUMIFS('MAINTENANCE LOG'!$R$8:$R$107,'MAINTENANCE LOG'!$J$8:$J$107,C$6,'MAINTENANCE LOG'!$H$8:$H$107,$B16)+SUMIFS('MAINTENANCE LOG'!$R$8:$R$107,'MAINTENANCE LOG'!$K$8:$K$107,C$6,'MAINTENANCE LOG'!$H$8:$H$107,$B16)) -> 0 | H16: =IF($G16="","",IF($G16="O",0,'SETUP & TARGETS'!$C$28)) | J16: =IF($B16="","",SUMIFS('MAINTENANCE LOG'!$R$8:$R$107,'MAINTENANCE LOG'!$J$8:$J$107,G$6,'MAINTENANCE LOG'!$H$8:$H$107,$B16)+SUMIFS('MAINTENANCE LOG'!$R$8:$R$107,'MAINTENANCE LOG'!$K$8:$K$107,G$6,'MAINTENANCE LOG'!$H$8:$H$107,$B16)) -> 0 | L16: =IF($K16="","",IF($K16="O",0,'SETUP & TARGETS'!$C$28)) | N16: =IF($B16="","",SUMIFS('MAINTENANCE LOG'!$R$8:$R$107,'MAINTENANCE LOG'!$J$8:$J$107,K$6,'MAINTENANCE LOG'!$H$8:$H$107,$B16)+SUMIFS('MAINTENANCE LOG'!$R$8:$R$107,'MAINTENANCE LOG'!$K$8:$K$107,K$6,'MAINTENANCE LOG'!$H$8:$H$107,$B16)) -> 0 | P16: =IF($O16="","",IF($O16="O",0,'SETUP & TARGETS'!$C$28)) | R16: =IF($B16="","",SUMIFS('MAINTENANCE LOG'!$R$8:$R$107,'MAINTENANCE LOG'!$J$8:$J$107,O$6,'MAINTENANCE LOG'!$H$8:$H$107,$B16)+SUMIFS('MAINTENANCE LOG'!$R$8:$R$107,'MAINTENANCE LOG'!$K$8:$K$107,O$6,'MAINTENANCE LOG'!$H$8:$H$107,$B16)) -> 0
B17: ='CRT220'!B16 -> 46275 | D17: =IF($C17="","",IF($C17="O",0,'SETUP & TARGETS'!$C$28)) | F17: =IF($B17="","",SUMIFS('MAINTENANCE LOG'!$R$8:$R$107,'MAINTENANCE LOG'!$J$8:$J$107,C$6,'MAINTENANCE LOG'!$H$8:$H$107,$B17)+SUMIFS('MAINTENANCE LOG'!$R$8:$R$107,'MAINTENANCE LOG'!$K$8:$K$107,C$6,'MAINTENANCE LOG'!$H$8:$H$107,$B17)) -> 0 | H17: =IF($G17="","",IF($G17="O",0,'SETUP & TARGETS'!$C$28)) | J17: =IF($B17="","",SUMIFS('MAINTENANCE LOG'!$R$8:$R$107,'MAINTENANCE LOG'!$J$8:$J$107,G$6,'MAINTENANCE LOG'!$H$8:$H$107,$B17)+SUMIFS('MAINTENANCE LOG'!$R$8:$R$107,'MAINTENANCE LOG'!$K$8:$K$107,G$6,'MAINTENANCE LOG'!$H$8:$H$107,$B17)) -> 0 | L17: =IF($K17="","",IF($K17="O",0,'SETUP & TARGETS'!$C$28)) | N17: =IF($B17="","",SUMIFS('MAINTENANCE LOG'!$R$8:$R$107,'MAINTENANCE LOG'!$J$8:$J$107,K$6,'MAINTENANCE LOG'!$H$8:$H$107,$B17)+SUMIFS('MAINTENANCE LOG'!$R$8:$R$107,'MAINTENANCE LOG'!$K$8:$K$107,K$6,'MAINTENANCE LOG'!$H$8:$H$107,$B17)) -> 0 | P17: =IF($O17="","",IF($O17="O",0,'SETUP & TARGETS'!$C$28)) | R17: =IF($B17="","",SUMIFS('MAINTENANCE LOG'!$R$8:$R$107,'MAINTENANCE LOG'!$J$8:$J$107,O$6,'MAINTENANCE LOG'!$H$8:$H$107,$B17)+SUMIFS('MAINTENANCE LOG'!$R$8:$R$107,'MAINTENANCE LOG'!$K$8:$K$107,O$6,'MAINTENANCE LOG'!$H$8:$H$107,$B17)) -> 0
B18: ='CRT220'!B17 -> 46276 | D18: =IF($C18="","",IF($C18="O",0,'SETUP & TARGETS'!$C$28)) | F18: =IF($B18="","",SUMIFS('MAINTENANCE LOG'!$R$8:$R$107,'MAINTENANCE LOG'!$J$8:$J$107,C$6,'MAINTENANCE LOG'!$H$8:$H$107,$B18)+SUMIFS('MAINTENANCE LOG'!$R$8:$R$107,'MAINTENANCE LOG'!$K$8:$K$107,C$6,'MAINTENANCE LOG'!$H$8:$H$107,$B18)) -> 0 | H18: =IF($G18="","",IF($G18="O",0,'SETUP & TARGETS'!$C$28)) | J18: =IF($B18="","",SUMIFS('MAINTENANCE LOG'!$R$8:$R$107,'MAINTENANCE LOG'!$J$8:$J$107,G$6,'MAINTENANCE LOG'!$H$8:$H$107,$B18)+SUMIFS('MAINTENANCE LOG'!$R$8:$R$107,'MAINTENANCE LOG'!$K$8:$K$107,G$6,'MAINTENANCE LOG'!$H$8:$H$107,$B18)) -> 0 | L18: =IF($K18="","",IF($K18="O",0,'SETUP & TARGETS'!$C$28)) | N18: =IF($B18="","",SUMIFS('MAINTENANCE LOG'!$R$8:$R$107,'MAINTENANCE LOG'!$J$8:$J$107,K$6,'MAINTENANCE LOG'!$H$8:$H$107,$B18)+SUMIFS('MAINTENANCE LOG'!$R$8:$R$107,'MAINTENANCE LOG'!$K$8:$K$107,K$6,'MAINTENANCE LOG'!$H$8:$H$107,$B18)) -> 0 | P18: =IF($O18="","",IF($O18="O",0,'SETUP & TARGETS'!$C$28)) | R18: =IF($B18="","",SUMIFS('MAINTENANCE LOG'!$R$8:$R$107,'MAINTENANCE LOG'!$J$8:$J$107,O$6,'MAINTENANCE LOG'!$H$8:$H$107,$B18)+SUMIFS('MAINTENANCE LOG'!$R$8:$R$107,'MAINTENANCE LOG'!$K$8:$K$107,O$6,'MAINTENANCE LOG'!$H$8:$H$107,$B18)) -> 0
B19: ='CRT220'!B18 -> 46277 | D19: =IF($C19="","",IF($C19="O",0,'SETUP & TARGETS'!$C$28)) | F19: =IF($B19="","",SUMIFS('MAINTENANCE LOG'!$R$8:$R$107,'MAINTENANCE LOG'!$J$8:$J$107,C$6,'MAINTENANCE LOG'!$H$8:$H$107,$B19)+SUMIFS('MAINTENANCE LOG'!$R$8:$R$107,'MAINTENANCE LOG'!$K$8:$K$107,C$6,'MAINTENANCE LOG'!$H$8:$H$107,$B19)) -> 0 | H19: =IF($G19="","",IF($G19="O",0,'SETUP & TARGETS'!$C$28)) | J19: =IF($B19="","",SUMIFS('MAINTENANCE LOG'!$R$8:$R$107,'MAINTENANCE LOG'!$J$8:$J$107,G$6,'MAINTENANCE LOG'!$H$8:$H$107,$B19)+SUMIFS('MAINTENANCE LOG'!$R$8:$R$107,'MAINTENANCE LOG'!$K$8:$K$107,G$6,'MAINTENANCE LOG'!$H$8:$H$107,$B19)) -> 0 | L19: =IF($K19="","",IF($K19="O",0,'SETUP & TARGETS'!$C$28)) | N19: =IF($B19="","",SUMIFS('MAINTENANCE LOG'!$R$8:$R$107,'MAINTENANCE LOG'!$J$8:$J$107,K$6,'MAINTENANCE LOG'!$H$8:$H$107,$B19)+SUMIFS('MAINTENANCE LOG'!$R$8:$R$107,'MAINTENANCE LOG'!$K$8:$K$107,K$6,'MAINTENANCE LOG'!$H$8:$H$107,$B19)) -> 0 | P19: =IF($O19="","",IF($O19="O",0,'SETUP & TARGETS'!$C$28)) | R19: =IF($B19="","",SUMIFS('MAINTENANCE LOG'!$R$8:$R$107,'MAINTENANCE LOG'!$J$8:$J$107,O$6,'MAINTENANCE LOG'!$H$8:$H$107,$B19)+SUMIFS('MAINTENANCE LOG'!$R$8:$R$107,'MAINTENANCE LOG'!$K$8:$K$107,O$6,'MAINTENANCE LOG'!$H$8:$H$107,$B19)) -> 0
... B38: ='CRT220'!B37 -> 0 | D38: =IF($C38="","",IF($C38="O",0,'SETUP & TARGETS'!$C$28)) | F38: =IF($B38="","",SUMIFS('MAINTENANCE LOG'!$R$8:$R$107,'MAINTENANCE LOG'!$J$8:$J$107,C$6,'MAINTENANCE LOG'!$H$8:$H$107,$B38)+SUMIFS('MAINTENANCE LOG'!$R$8:$R$107,'MAINTENANCE LOG'!$K$8:$K$107,C$6,'MAINTENANCE LOG'!$H$8:$H$107,$B38)) -> 0 | H38: =IF($G38="","",IF($G38="O",0,'SETUP & TARGETS'!$C$28)) | J38: =IF($B38="","",SUMIFS('MAINTENANCE LOG'!$R$8:$R$107,'MAINTENANCE LOG'!$J$8:$J$107,G$6,'MAINTENANCE LOG'!$H$8:$H$107,$B38)+SUMIFS('MAINTENANCE LOG'!$R$8:$R$107,'MAINTENANCE LOG'!$K$8:$K$107,G$6,'MAINTENANCE LOG'!$H$8:$H$107,$B38)) -> 0 | L38: =IF($K38="","",IF($K38="O",0,'SETUP & TARGETS'!$C$28)) | N38: =IF($B38="","",SUMIFS('MAINTENANCE LOG'!$R$8:$R$107,'MAINTENANCE LOG'!$J$8:$J$107,K$6,'MAINTENANCE LOG'!$H$8:$H$107,$B38)+SUMIFS('MAINTENANCE LOG'!$R$8:$R$107,'MAINTENANCE LOG'!$K$8:$K$107,K$6,'MAINTENANCE LOG'!$H$8:$H$107,$B38)) -> 0 | P38: =IF($O38="","",IF($O38="O",0,'SETUP & TARGETS'!$C$28)) | R38: =IF($B38="","",SUMIFS('MAINTENANCE LOG'!$R$8:$R$107,'MAINTENANCE LOG'!$J$8:$J$107,O$6,'MAINTENANCE LOG'!$H$8:$H$107,$B38)+SUMIFS('MAINTENANCE LOG'!$R$8:$R$107,'MAINTENANCE LOG'!$K$8:$K$107,O$6,'MAINTENANCE LOG'!$H$8:$H$107,$B38)) -> 0
B39: MONTH TOTAL | C39: =COUNTIF(C8:C38,"D")+COUNTIF(C8:C38,"N") -> 0 | D39: =SUM(D8:D38) -> 0 | E39: =SUM(E8:E38) -> 0 | F39: =SUM(F8:F38) -> 132 | G39: =COUNTIF(G8:G38,"D")+COUNTIF(G8:G38,"N") -> 0 | H39: =SUM(H8:H38) -> 0 | I39: =SUM(I8:I38) -> 0 | J39: =SUM(J8:J38) -> 0 | K39: =COUNTIF(K8:K38,"D")+COUNTIF(K8:K38,"N") -> 0 | L39: =SUM(L8:L38) -> 0 | M39: =SUM(M8:M38) -> 0 | N39: =SUM(N8:N38) -> 132 | O39: =COUNTIF(O8:O38,"D")+COUNTIF(O8:O38,"N") -> 0 | P39: =SUM(P8:P38) -> 0 | Q39: =SUM(Q8:Q38) -> 0 | R39: =SUM(R8:R38) -> 0
B40: Shift total counts day and night shifts worked. Scheduled hours exclude days off.
B42: ROSTER REFERENCE - AS SUPPLIED BY SITE (1 to 9 SEPTEMBER 2026)
B43: DATE | C43: ARTISAN 1 | E43: ARTISAN 3
B44: 1 | C44: Lindo: Monday to Friday | E44: N-Tshepang
B45: 2 | C45: Lindo: Monday to Friday | E45: N-Tshepang
B46: 3 | C46: Lindo: Monday to Friday | E46: N-Tshepang
B47: 4 | C47: Lindo: Monday to Friday | E47: O
B48: 5 | E48: O
B49: 6 | E49: O
B50: 7 | C50: Lindo: Monday to Friday | E50: D-Tshepang
B51: 8 | C51: Lindo: Monday to Friday | E51: D-Tshepang
B52: 9 | C52: Lindo: Monday to Friday | E52: D-Tshepang
B54: Cycle: 3 day shifts, 3 night shifts, 3 days off. D = day shift 06:00 to 18:00, N = night shift 18:00 to 06:00, O = off. Only the first nine days were supplied - capture the rest of the month in the grid above.

Sheet MAINTENANCE LOG
B2: MAINTENANCE, BREAKDOWN & REPAIR LOG
B3: Exxaro Grootegeluk | PLANT OPTIMIZATION
B4: One line per job. Every KPI in this workbook that concerns the mechanics is built from these lines - mechanic, machine, activity, planned time, actual time and outcome.
B6: JOB NO | C6: EQUIP ID | D6: EQUIPMENT TYPE | E6: JOB TYPE | F6: CATEGORY | G6: PROBLEM / ACTIVITY DESCRIPTION | H6: DATE | I6: SHIFT | J6: MECHANIC | K6: ASSISTANT | L6: BREAKDOWN START | M6: DIAGNOSIS START | N6: REPAIR START | O6: PLANNED HRS | P6: ETR (PLANNED COMPLETION) | Q6: ACTUAL COMPLETION | R6: ACTUAL HRS | S6: VARIANCE HRS | T6: VARIANCE % | U6: ETR STATUS | V6: PARTS DELAY HRS | W6: EXTERNAL DELAY HRS | X6: RETURNED TO SERVICE | Y6: RETURN TO SERVICE DATE / TIME | Z6: STATUS | AA6: REPEAT B/DOWN | AB6: RAG | AC6: COMMENTS
B7: Capture below this line. Blue = capture, black = calculated.
B8: 100 | C8: CRT220 | D8: =IF($C8="","",IFERROR(INDEX('EQUIPMENT REGISTER'!$C$7:$C$21,MATCH($C8,'EQUIPMENT REGISTER'!$B$7:$B$21,0)),"")) -> CAT 773 RDT | E8: Breakdown | F8: Tyres | G8: Tyre Puncture | H8: 46285 | I8: Day | J8: Lindokuhle Ntombela | K8: Thabo Monyane | L8: 0.41666667 | M8: 0.41666667 | N8: 0.5 | O8: 6 | P8: 6 | Q8: 6 | R8: =IF(OR($N8="",$Q8=""),"",ROUND(MAX(0,($Q8-$N8)*24),2)) -> 132 | S8: =IF(OR($R8="",$O8=""),"",$R8-$O8) -> 126 | T8: =IF(OR($S8="",N($O8)=0),"",$S8/$O8) -> 21 | U8: =IF($P8="","",IF($Q8="",IF(NOW()>$P8,"OVERDUE","IN WINDOW"),IF($Q8<=$P8,"MET","MISSED"))) -> MET | X8: N | Z8: In Progress | AA8: =IF($C8="","",IF(COUNTIFS($C$8:$C$107,$C8,$F$8:$F$107,$F8)>1,"REPEAT","")) | AB8: =IF($C8="","",IF(OR($U8="MISSED",$U8="OVERDUE",$AA8="REPEAT"),"RED",IF(OR(N($S8)>0,$Z8="Open"),"AMBER","GREEN"))) -> AMBER | AC8: Waiting for tyres
D9: =IF($C9="","",IFERROR(INDEX('EQUIPMENT REGISTER'!$C$7:$C$21,MATCH($C9,'EQUIPMENT REGISTER'!$B$7:$B$21,0)),"")) | R9: =IF(OR($N9="",$Q9=""),"",ROUND(MAX(0,($Q9-$N9)*24),2)) | S9: =IF(OR($R9="",$O9=""),"",$R9-$O9) | T9: =IF(OR($S9="",N($O9)=0),"",$S9/$O9) | U9: =IF($P9="","",IF($Q9="",IF(NOW()>$P9,"OVERDUE","IN WINDOW"),IF($Q9<=$P9,"MET","MISSED"))) | AA9: =IF($C9="","",IF(COUNTIFS($C$8:$C$107,$C9,$F$8:$F$107,$F9)>1,"REPEAT","")) | AB9: =IF($C9="","",IF(OR($U9="MISSED",$U9="OVERDUE",$AA9="REPEAT"),"RED",IF(OR(N($S9)>0,$Z9="Open"),"AMBER","GREEN")))
D10: =IF($C10="","",IFERROR(INDEX('EQUIPMENT REGISTER'!$C$7:$C$21,MATCH($C10,'EQUIPMENT REGISTER'!$B$7:$B$21,0)),"")) | R10: =IF(OR($N10="",$Q10=""),"",ROUND(MAX(0,($Q10-$N10)*24),2)) | S10: =IF(OR($R10="",$O10=""),"",$R10-$O10) | T10: =IF(OR($S10="",N($O10)=0),"",$S10/$O10) | U10: =IF($P10="","",IF($Q10="",IF(NOW()>$P10,"OVERDUE","IN WINDOW"),IF($Q10<=$P10,"MET","MISSED"))) | AA10: =IF($C10="","",IF(COUNTIFS($C$8:$C$107,$C10,$F$8:$F$107,$F10)>1,"REPEAT","")) | AB10: =IF($C10="","",IF(OR($U10="MISSED",$U10="OVERDUE",$AA10="REPEAT"),"RED",IF(OR(N($S10)>0,$Z10="Open"),"AMBER","GREEN")))
D11: =IF($C11="","",IFERROR(INDEX('EQUIPMENT REGISTER'!$C$7:$C$21,MATCH($C11,'EQUIPMENT REGISTER'!$B$7:$B$21,0)),"")) | R11: =IF(OR($N11="",$Q11=""),"",ROUND(MAX(0,($Q11-$N11)*24),2)) | S11: =IF(OR($R11="",$O11=""),"",$R11-$O11) | T11: =IF(OR($S11="",N($O11)=0),"",$S11/$O11) | U11: =IF($P11="","",IF($Q11="",IF(NOW()>$P11,"OVERDUE","IN WINDOW"),IF($Q11<=$P11,"MET","MISSED"))) | AA11: =IF($C11="","",IF(COUNTIFS($C$8:$C$107,$C11,$F$8:$F$107,$F11)>1,"REPEAT","")) | AB11: =IF($C11="","",IF(OR($U11="MISSED",$U11="OVERDUE",$AA11="REPEAT"),"RED",IF(OR(N($S11)>0,$Z11="Open"),"AMBER","GREEN")))
D12: =IF($C12="","",IFERROR(INDEX('EQUIPMENT REGISTER'!$C$7:$C$21,MATCH($C12,'EQUIPMENT REGISTER'!$B$7:$B$21,0)),"")) | R12: =IF(OR($N12="",$Q12=""),"",ROUND(MAX(0,($Q12-$N12)*24),2)) | S12: =IF(OR($R12="",$O12=""),"",$R12-$O12) | T12: =IF(OR($S12="",N($O12)=0),"",$S12/$O12) | U12: =IF($P12="","",IF($Q12="",IF(NOW()>$P12,"OVERDUE","IN WINDOW"),IF($Q12<=$P12,"MET","MISSED"))) | AA12: =IF($C12="","",IF(COUNTIFS($C$8:$C$107,$C12,$F$8:$F$107,$F12)>1,"REPEAT","")) | AB12: =IF($C12="","",IF(OR($U12="MISSED",$U12="OVERDUE",$AA12="REPEAT"),"RED",IF(OR(N($S12)>0,$Z12="Open"),"AMBER","GREEN")))
D13: =IF($C13="","",IFERROR(INDEX('EQUIPMENT REGISTER'!$C$7:$C$21,MATCH($C13,'EQUIPMENT REGISTER'!$B$7:$B$21,0)),"")) | R13: =IF(OR($N13="",$Q13=""),"",ROUND(MAX(0,($Q13-$N13)*24),2)) | S13: =IF(OR($R13="",$O13=""),"",$R13-$O13) | T13: =IF(OR($S13="",N($O13)=0),"",$S13/$O13) | U13: =IF($P13="","",IF($Q13="",IF(NOW()>$P13,"OVERDUE","IN WINDOW"),IF($Q13<=$P13,"MET","MISSED"))) | AA13: =IF($C13="","",IF(COUNTIFS($C$8:$C$107,$C13,$F$8:$F$107,$F13)>1,"REPEAT","")) | AB13: =IF($C13="","",IF(OR($U13="MISSED",$U13="OVERDUE",$AA13="REPEAT"),"RED",IF(OR(N($S13)>0,$Z13="Open"),"AMBER","GREEN")))
D14: =IF($C14="","",IFERROR(INDEX('EQUIPMENT REGISTER'!$C$7:$C$21,MATCH($C14,'EQUIPMENT REGISTER'!$B$7:$B$21,0)),"")) | R14: =IF(OR($N14="",$Q14=""),"",ROUND(MAX(0,($Q14-$N14)*24),2)) | S14: =IF(OR($R14="",$O14=""),"",$R14-$O14) | T14: =IF(OR($S14="",N($O14)=0),"",$S14/$O14) | U14: =IF($P14="","",IF($Q14="",IF(NOW()>$P14,"OVERDUE","IN WINDOW"),IF($Q14<=$P14,"MET","MISSED"))) | AA14: =IF($C14="","",IF(COUNTIFS($C$8:$C$107,$C14,$F$8:$F$107,$F14)>1,"REPEAT","")) | AB14: =IF($C14="","",IF(OR($U14="MISSED",$U14="OVERDUE",$AA14="REPEAT"),"RED",IF(OR(N($S14)>0,$Z14="Open"),"AMBER","GREEN")))
D15: =IF($C15="","",IFERROR(INDEX('EQUIPMENT REGISTER'!$C$7:$C$21,MATCH($C15,'EQUIPMENT REGISTER'!$B$7:$B$21,0)),"")) | R15: =IF(OR($N15="",$Q15=""),"",ROUND(MAX(0,($Q15-$N15)*24),2)) | S15: =IF(OR($R15="",$O15=""),"",$R15-$O15) | T15: =IF(OR($S15="",N($O15)=0),"",$S15/$O15) | U15: =IF($P15="","",IF($Q15="",IF(NOW()>$P15,"OVERDUE","IN WINDOW"),IF($Q15<=$P15,"MET","MISSED"))) | AA15: =IF($C15="","",IF(COUNTIFS($C$8:$C$107,$C15,$F$8:$F$107,$F15)>1,"REPEAT","")) | AB15: =IF($C15="","",IF(OR($U15="MISSED",$U15="OVERDUE",$AA15="REPEAT"),"RED",IF(OR(N($S15)>0,$Z15="Open"),"AMBER","GREEN")))
D16: =IF($C16="","",IFERROR(INDEX('EQUIPMENT REGISTER'!$C$7:$C$21,MATCH($C16,'EQUIPMENT REGISTER'!$B$7:$B$21,0)),"")) | R16: =IF(OR($N16="",$Q16=""),"",ROUND(MAX(0,($Q16-$N16)*24),2)) | S16: =IF(OR($R16="",$O16=""),"",$R16-$O16) | T16: =IF(OR($S16="",N($O16)=0),"",$S16/$O16) | U16: =IF($P16="","",IF($Q16="",IF(NOW()>$P16,"OVERDUE","IN WINDOW"),IF($Q16<=$P16,"MET","MISSED"))) | AA16: =IF($C16="","",IF(COUNTIFS($C$8:$C$107,$C16,$F$8:$F$107,$F16)>1,"REPEAT","")) | AB16: =IF($C16="","",IF(OR($U16="MISSED",$U16="OVERDUE",$AA16="REPEAT"),"RED",IF(OR(N($S16)>0,$Z16="Open"),"AMBER","GREEN")))
D17: =IF($C17="","",IFERROR(INDEX('EQUIPMENT REGISTER'!$C$7:$C$21,MATCH($C17,'EQUIPMENT REGISTER'!$B$7:$B$21,0)),"")) | R17: =IF(OR($N17="",$Q17=""),"",ROUND(MAX(0,($Q17-$N17)*24),2)) | S17: =IF(OR($R17="",$O17=""),"",$R17-$O17) | T17: =IF(OR($S17="",N($O17)=0),"",$S17/$O17) | U17: =IF($P17="","",IF($Q17="",IF(NOW()>$P17,"OVERDUE","IN WINDOW"),IF($Q17<=$P17,"MET","MISSED"))) | AA17: =IF($C17="","",IF(COUNTIFS($C$8:$C$107,$C17,$F$8:$F$107,$F17)>1,"REPEAT","")) | AB17: =IF($C17="","",IF(OR($U17="MISSED",$U17="OVERDUE",$AA17="REPEAT"),"RED",IF(OR(N($S17)>0,$Z17="Open"),"AMBER","GREEN")))
D18: =IF($C18="","",IFERROR(INDEX('EQUIPMENT REGISTER'!$C$7:$C$21,MATCH($C18,'EQUIPMENT REGISTER'!$B$7:$B$21,0)),"")) | R18: =IF(OR($N18="",$Q18=""),"",ROUND(MAX(0,($Q18-$N18)*24),2)) | S18: =IF(OR($R18="",$O18=""),"",$R18-$O18) | T18: =IF(OR($S18="",N($O18)=0),"",$S18/$O18) | U18: =IF($P18="","",IF($Q18="",IF(NOW()>$P18,"OVERDUE","IN WINDOW"),IF($Q18<=$P18,"MET","MISSED"))) | AA18: =IF($C18="","",IF(COUNTIFS($C$8:$C$107,$C18,$F$8:$F$107,$F18)>1,"REPEAT","")) | AB18: =IF($C18="","",IF(OR($U18="MISSED",$U18="OVERDUE",$AA18="REPEAT"),"RED",IF(OR(N($S18)>0,$Z18="Open"),"AMBER","GREEN")))
D19: =IF($C19="","",IFERROR(INDEX('EQUIPMENT REGISTER'!$C$7:$C$21,MATCH($C19,'EQUIPMENT REGISTER'!$B$7:$B$21,0)),"")) | R19: =IF(OR($N19="",$Q19=""),"",ROUND(MAX(0,($Q19-$N19)*24),2)) | S19: =IF(OR($R19="",$O19=""),"",$R19-$O19) | T19: =IF(OR($S19="",N($O19)=0),"",$S19/$O19) | U19: =IF($P19="","",IF($Q19="",IF(NOW()>$P19,"OVERDUE","IN WINDOW"),IF($Q19<=$P19,"MET","MISSED"))) | AA19: =IF($C19="","",IF(COUNTIFS($C$8:$C$107,$C19,$F$8:$F$107,$F19)>1,"REPEAT","")) | AB19: =IF($C19="","",IF(OR($U19="MISSED",$U19="OVERDUE",$AA19="REPEAT"),"RED",IF(OR(N($S19)>0,$Z19="Open"),"AMBER","GREEN")))
D20: =IF($C20="","",IFERROR(INDEX('EQUIPMENT REGISTER'!$C$7:$C$21,MATCH($C20,'EQUIPMENT REGISTER'!$B$7:$B$21,0)),"")) | R20: =IF(OR($N20="",$Q20=""),"",ROUND(MAX(0,($Q20-$N20)*24),2)) | S20: =IF(OR($R20="",$O20=""),"",$R20-$O20) | T20: =IF(OR($S20="",N($O20)=0),"",$S20/$O20) | U20: =IF($P20="","",IF($Q20="",IF(NOW()>$P20,"OVERDUE","IN WINDOW"),IF($Q20<=$P20,"MET","MISSED"))) | AA20: =IF($C20="","",IF(COUNTIFS($C$8:$C$107,$C20,$F$8:$F$107,$F20)>1,"REPEAT","")) | AB20: =IF($C20="","",IF(OR($U20="MISSED",$U20="OVERDUE",$AA20="REPEAT"),"RED",IF(OR(N($S20)>0,$Z20="Open"),"AMBER","GREEN")))
... D107: =IF($C107="","",IFERROR(INDEX('EQUIPMENT REGISTER'!$C$7:$C$21,MATCH($C107,'EQUIPMENT REGISTER'!$B$7:$B$21,0)),"")) | R107: =IF(OR($N107="",$Q107=""),"",ROUND(MAX(0,($Q107-$N107)*24),2)) | S107: =IF(OR($R107="",$O107=""),"",$R107-$O107) | T107: =IF(OR($S107="",N($O107)=0),"",$S107/$O107) | U107: =IF($P107="","",IF($Q107="",IF(NOW()>$P107,"OVERDUE","IN WINDOW"),IF($Q107<=$P107,"MET","MISSED"))) | AA107: =IF($C107="","",IF(COUNTIFS($C$8:$C$107,$C107,$F$8:$F$107,$F107)>1,"REPEAT","")) | AB107: =IF($C107="","",IF(OR($U107="MISSED",$U107="OVERDUE",$AA107="REPEAT"),"RED",IF(OR(N($S107)>0,$Z107="Open"),"AMBER","GREEN")))

Sheet DELAY & ROOT CAUSE
B2: DELAY & ROOT CAUSE ANALYSIS
B3: Exxaro Grootegeluk | PLANT OPTIMIZATION
B4: One line per delay event. Codes come from the Delay Code Register.
B6: EQUIP | C6: CODE | D6: DESCRIPTION | E6: OPS DELAY HRS | F6: B/DOWN HRS | G6: TOTAL HRS | H6: % OF PLANNED | I6: IMPACT | J6: CORRECTIVE ACTION / OWNER
C7: W | D7: =IFERROR(INDEX('DELAY CODE REGISTER'!$C$6:$C$49,MATCH(C7,'DELAY CODE REGISTER'!$B$6:$B$49,0)),"") -> Weather / Rain & Slippery Road Conditions | E7: 15 | F7: 0 | G7: =IF(AND(E7="",F7=""),"",N(E7)+N(F7)) -> 15 | H7: =IFERROR(G7/'SETUP & TARGETS'!$C9,"") -> 0.02688172 | I7: =IFERROR(INDEX('DELAY CODE REGISTER'!$E$6:$E$49,MATCH(C7,'DELAY CODE REGISTER'!$B$6:$B$49,0)),"") -> LOW | J7: Work during night shift as day shift had rain
D8: =IFERROR(INDEX('DELAY CODE REGISTER'!$C$6:$C$49,MATCH(C8,'DELAY CODE REGISTER'!$B$6:$B$49,0)),"") | G8: =IF(AND(E8="",F8=""),"",N(E8)+N(F8)) | H8: =IFERROR(G8/'SETUP & TARGETS'!$C9,"") | I8: =IFERROR(INDEX('DELAY CODE REGISTER'!$E$6:$E$49,MATCH(C8,'DELAY CODE REGISTER'!$B$6:$B$49,0)),"")
D9: =IFERROR(INDEX('DELAY CODE REGISTER'!$C$6:$C$49,MATCH(C9,'DELAY CODE REGISTER'!$B$6:$B$49,0)),"") | G9: =IF(AND(E9="",F9=""),"",N(E9)+N(F9)) | H9: =IFERROR(G9/'SETUP & TARGETS'!$C9,"") | I9: =IFERROR(INDEX('DELAY CODE REGISTER'!$E$6:$E$49,MATCH(C9,'DELAY CODE REGISTER'!$B$6:$B$49,0)),"")
D10: =IFERROR(INDEX('DELAY CODE REGISTER'!$C$6:$C$49,MATCH(C10,'DELAY CODE REGISTER'!$B$6:$B$49,0)),"") | G10: =IF(AND(E10="",F10=""),"",N(E10)+N(F10)) | H10: =IFERROR(G10/'SETUP & TARGETS'!$C9,"") | I10: =IFERROR(INDEX('DELAY CODE REGISTER'!$E$6:$E$49,MATCH(C10,'DELAY CODE REGISTER'!$B$6:$B$49,0)),"")
D11: =IFERROR(INDEX('DELAY CODE REGISTER'!$C$6:$C$49,MATCH(C11,'DELAY CODE REGISTER'!$B$6:$B$49,0)),"") | G11: =IF(AND(E11="",F11=""),"",N(E11)+N(F11)) | H11: =IFERROR(G11/'SETUP & TARGETS'!$C9,"") | I11: =IFERROR(INDEX('DELAY CODE REGISTER'!$E$6:$E$49,MATCH(C11,'DELAY CODE REGISTER'!$B$6:$B$49,0)),"")
D12: =IFERROR(INDEX('DELAY CODE REGISTER'!$C$6:$C$49,MATCH(C12,'DELAY CODE REGISTER'!$B$6:$B$49,0)),"") | G12: =IF(AND(E12="",F12=""),"",N(E12)+N(F12)) | H12: =IFERROR(G12/'SETUP & TARGETS'!$C9,"") | I12: =IFERROR(INDEX('DELAY CODE REGISTER'!$E$6:$E$49,MATCH(C12,'DELAY CODE REGISTER'!$B$6:$B$49,0)),"")
D13: =IFERROR(INDEX('DELAY CODE REGISTER'!$C$6:$C$49,MATCH(C13,'DELAY CODE REGISTER'!$B$6:$B$49,0)),"") | G13: =IF(AND(E13="",F13=""),"",N(E13)+N(F13)) | H13: =IFERROR(G13/'SETUP & TARGETS'!$C9,"") | I13: =IFERROR(INDEX('DELAY CODE REGISTER'!$E$6:$E$49,MATCH(C13,'DELAY CODE REGISTER'!$B$6:$B$49,0)),"")
D14: =IFERROR(INDEX('DELAY CODE REGISTER'!$C$6:$C$49,MATCH(C14,'DELAY CODE REGISTER'!$B$6:$B$49,0)),"") | G14: =IF(AND(E14="",F14=""),"",N(E14)+N(F14)) | H14: =IFERROR(G14/'SETUP & TARGETS'!$C9,"") | I14: =IFERROR(INDEX('DELAY CODE REGISTER'!$E$6:$E$49,MATCH(C14,'DELAY CODE REGISTER'!$B$6:$B$49,0)),"")
D15: =IFERROR(INDEX('DELAY CODE REGISTER'!$C$6:$C$49,MATCH(C15,'DELAY CODE REGISTER'!$B$6:$B$49,0)),"") | G15: =IF(AND(E15="",F15=""),"",N(E15)+N(F15)) | H15: =IFERROR(G15/'SETUP & TARGETS'!$C9,"") | I15: =IFERROR(INDEX('DELAY CODE REGISTER'!$E$6:$E$49,MATCH(C15,'DELAY CODE REGISTER'!$B$6:$B$49,0)),"")
D16: =IFERROR(INDEX('DELAY CODE REGISTER'!$C$6:$C$49,MATCH(C16,'DELAY CODE REGISTER'!$B$6:$B$49,0)),"") | G16: =IF(AND(E16="",F16=""),"",N(E16)+N(F16)) | H16: =IFERROR(G16/'SETUP & TARGETS'!$C9,"") | I16: =IFERROR(INDEX('DELAY CODE REGISTER'!$E$6:$E$49,MATCH(C16,'DELAY CODE REGISTER'!$B$6:$B$49,0)),"")
D17: =IFERROR(INDEX('DELAY CODE REGISTER'!$C$6:$C$49,MATCH(C17,'DELAY CODE REGISTER'!$B$6:$B$49,0)),"") | G17: =IF(AND(E17="",F17=""),"",N(E17)+N(F17)) | H17: =IFERROR(G17/'SETUP & TARGETS'!$C9,"") | I17: =IFERROR(INDEX('DELAY CODE REGISTER'!$E$6:$E$49,MATCH(C17,'DELAY CODE REGISTER'!$B$6:$B$49,0)),"")
D18: =IFERROR(INDEX('DELAY CODE REGISTER'!$C$6:$C$49,MATCH(C18,'DELAY CODE REGISTER'!$B$6:$B$49,0)),"") | G18: =IF(AND(E18="",F18=""),"",N(E18)+N(F18)) | H18: =IFERROR(G18/'SETUP & TARGETS'!$C9,"") | I18: =IFERROR(INDEX('DELAY CODE REGISTER'!$E$6:$E$49,MATCH(C18,'DELAY CODE REGISTER'!$B$6:$B$49,0)),"")
D19: =IFERROR(INDEX('DELAY CODE REGISTER'!$C$6:$C$49,MATCH(C19,'DELAY CODE REGISTER'!$B$6:$B$49,0)),"") | G19: =IF(AND(E19="",F19=""),"",N(E19)+N(F19)) | H19: =IFERROR(G19/'SETUP & TARGETS'!$C9,"") | I19: =IFERROR(INDEX('DELAY CODE REGISTER'!$E$6:$E$49,MATCH(C19,'DELAY CODE REGISTER'!$B$6:$B$49,0)),"")
D20: =IFERROR(INDEX('DELAY CODE REGISTER'!$C$6:$C$49,MATCH(C20,'DELAY CODE REGISTER'!$B$6:$B$49,0)),"") | G20: =IF(AND(E20="",F20=""),"",N(E20)+N(F20)) | H20: =IFERROR(G20/'SETUP & TARGETS'!$C9,"") | I20: =IFERROR(INDEX('DELAY CODE REGISTER'!$E$6:$E$49,MATCH(C20,'DELAY CODE REGISTER'!$B$6:$B$49,0)),"")
D21: =IFERROR(INDEX('DELAY CODE REGISTER'!$C$6:$C$49,MATCH(C21,'DELAY CODE REGISTER'!$B$6:$B$49,0)),"") | G21: =IF(AND(E21="",F21=""),"",N(E21)+N(F21)) | H21: =IFERROR(G21/'SETUP & TARGETS'!$C9,"") | I21: =IFERROR(INDEX('DELAY CODE REGISTER'!$E$6:$E$49,MATCH(C21,'DELAY CODE REGISTER'!$B$6:$B$49,0)),"")
D22: =IFERROR(INDEX('DELAY CODE REGISTER'!$C$6:$C$49,MATCH(C22,'DELAY CODE REGISTER'!$B$6:$B$49,0)),"") | G22: =IF(AND(E22="",F22=""),"",N(E22)+N(F22)) | H22: =IFERROR(G22/'SETUP & TARGETS'!$C9,"") | I22: =IFERROR(INDEX('DELAY CODE REGISTER'!$E$6:$E$49,MATCH(C22,'DELAY CODE REGISTER'!$B$6:$B$49,0)),"")
D23: =IFERROR(INDEX('DELAY CODE REGISTER'!$C$6:$C$49,MATCH(C23,'DELAY CODE REGISTER'!$B$6:$B$49,0)),"") | G23: =IF(AND(E23="",F23=""),"",N(E23)+N(F23)) | H23: =IFERROR(G23/'SETUP & TARGETS'!$C9,"") | I23: =IFERROR(INDEX('DELAY CODE REGISTER'!$E$6:$E$49,MATCH(C23,'DELAY CODE REGISTER'!$B$6:$B$49,0)),"")
D24: =IFERROR(INDEX('DELAY CODE REGISTER'!$C$6:$C$49,MATCH(C24,'DELAY CODE REGISTER'!$B$6:$B$49,0)),"") | G24: =IF(AND(E24="",F24=""),"",N(E24)+N(F24)) | H24: =IFERROR(G24/'SETUP & TARGETS'!$C9,"") | I24: =IFERROR(INDEX('DELAY CODE REGISTER'!$E$6:$E$49,MATCH(C24,'DELAY CODE REGISTER'!$B$6:$B$49,0)),"")
D25: =IFERROR(INDEX('DELAY CODE REGISTER'!$C$6:$C$49,MATCH(C25,'DELAY CODE REGISTER'!$B$6:$B$49,0)),"") | G25: =IF(AND(E25="",F25=""),"",N(E25)+N(F25)) | H25: =IFERROR(G25/'SETUP & TARGETS'!$C9,"") | I25: =IFERROR(INDEX('DELAY CODE REGISTER'!$E$6:$E$49,MATCH(C25,'DELAY CODE REGISTER'!$B$6:$B$49,0)),"")
D26: =IFERROR(INDEX('DELAY CODE REGISTER'!$C$6:$C$49,MATCH(C26,'DELAY CODE REGISTER'!$B$6:$B$49,0)),"") | G26: =IF(AND(E26="",F26=""),"",N(E26)+N(F26)) | H26: =IFERROR(G26/'SETUP & TARGETS'!$C9,"") | I26: =IFERROR(INDEX('DELAY CODE REGISTER'!$E$6:$E$49,MATCH(C26,'DELAY CODE REGISTER'!$B$6:$B$49,0)),"")
D27: =IFERROR(INDEX('DELAY CODE REGISTER'!$C$6:$C$49,MATCH(C27,'DELAY CODE REGISTER'!$B$6:$B$49,0)),"") | G27: =IF(AND(E27="",F27=""),"",N(E27)+N(F27)) | H27: =IFERROR(G27/'SETUP & TARGETS'!$C9,"") | I27: =IFERROR(INDEX('DELAY CODE REGISTER'!$E$6:$E$49,MATCH(C27,'DELAY CODE REGISTER'!$B$6:$B$49,0)),"")
D28: =IFERROR(INDEX('DELAY CODE REGISTER'!$C$6:$C$49,MATCH(C28,'DELAY CODE REGISTER'!$B$6:$B$49,0)),"") | G28: =IF(AND(E28="",F28=""),"",N(E28)+N(F28)) | H28: =IFERROR(G28/'SETUP & TARGETS'!$C9,"") | I28: =IFERROR(INDEX('DELAY CODE REGISTER'!$E$6:$E$49,MATCH(C28,'DELAY CODE REGISTER'!$B$6:$B$49,0)),"")
D29: =IFERROR(INDEX('DELAY CODE REGISTER'!$C$6:$C$49,MATCH(C29,'DELAY CODE REGISTER'!$B$6:$B$49,0)),"") | G29: =IF(AND(E29="",F29=""),"",N(E29)+N(F29)) | H29: =IFERROR(G29/'SETUP & TARGETS'!$C9,"") | I29: =IFERROR(INDEX('DELAY CODE REGISTER'!$E$6:$E$49,MATCH(C29,'DELAY CODE REGISTER'!$B$6:$B$49,0)),"")
D30: =IFERROR(INDEX('DELAY CODE REGISTER'!$C$6:$C$49,MATCH(C30,'DELAY CODE REGISTER'!$B$6:$B$49,0)),"") | G30: =IF(AND(E30="",F30=""),"",N(E30)+N(F30)) | H30: =IFERROR(G30/'SETUP & TARGETS'!$C9,"") | I30: =IFERROR(INDEX('DELAY CODE REGISTER'!$E$6:$E$49,MATCH(C30,'DELAY CODE REGISTER'!$B$6:$B$49,0)),"")
D31: =IFERROR(INDEX('DELAY CODE REGISTER'!$C$6:$C$49,MATCH(C31,'DELAY CODE REGISTER'!$B$6:$B$49,0)),"") | G31: =IF(AND(E31="",F31=""),"",N(E31)+N(F31)) | H31: =IFERROR(G31/'SETUP & TARGETS'!$C9,"") | I31: =IFERROR(INDEX('DELAY CODE REGISTER'!$E$6:$E$49,MATCH(C31,'DELAY CODE REGISTER'!$B$6:$B$49,0)),"")
D32: =IFERROR(INDEX('DELAY CODE REGISTER'!$C$6:$C$49,MATCH(C32,'DELAY CODE REGISTER'!$B$6:$B$49,0)),"") | G32: =IF(AND(E32="",F32=""),"",N(E32)+N(F32)) | H32: =IFERROR(G32/'SETUP & TARGETS'!$C9,"") | I32: =IFERROR(INDEX('DELAY CODE REGISTER'!$E$6:$E$49,MATCH(C32,'DELAY CODE REGISTER'!$B$6:$B$49,0)),"")
D33: =IFERROR(INDEX('DELAY CODE REGISTER'!$C$6:$C$49,MATCH(C33,'DELAY CODE REGISTER'!$B$6:$B$49,0)),"") | G33: =IF(AND(E33="",F33=""),"",N(E33)+N(F33)) | H33: =IFERROR(G33/'SETUP & TARGETS'!$C9,"") | I33: =IFERROR(INDEX('DELAY CODE REGISTER'!$E$6:$E$49,MATCH(C33,'DELAY CODE REGISTER'!$B$6:$B$49,0)),"")
D34: =IFERROR(INDEX('DELAY CODE REGISTER'!$C$6:$C$49,MATCH(C34,'DELAY CODE REGISTER'!$B$6:$B$49,0)),"") | G34: =IF(AND(E34="",F34=""),"",N(E34)+N(F34)) | H34: =IFERROR(G34/'SETUP & TARGETS'!$C9,"") | I34: =IFERROR(INDEX('DELAY CODE REGISTER'!$E$6:$E$49,MATCH(C34,'DELAY CODE REGISTER'!$B$6:$B$49,0)),"")
D35: =IFERROR(INDEX('DELAY CODE REGISTER'!$C$6:$C$49,MATCH(C35,'DELAY CODE REGISTER'!$B$6:$B$49,0)),"") | G35: =IF(AND(E35="",F35=""),"",N(E35)+N(F35)) | H35: =IFERROR(G35/'SETUP & TARGETS'!$C9,"") | I35: =IFERROR(INDEX('DELAY CODE REGISTER'!$E$6:$E$49,MATCH(C35,'DELAY CODE REGISTER'!$B$6:$B$49,0)),"")
D36: =IFERROR(INDEX('DELAY CODE REGISTER'!$C$6:$C$49,MATCH(C36,'DELAY CODE REGISTER'!$B$6:$B$49,0)),"") | G36: =IF(AND(E36="",F36=""),"",N(E36)+N(F36)) | H36: =IFERROR(G36/'SETUP & TARGETS'!$C9,"") | I36: =IFERROR(INDEX('DELAY CODE REGISTER'!$E$6:$E$49,MATCH(C36,'DELAY CODE REGISTER'!$B$6:$B$49,0)),"")
D37: =IFERROR(INDEX('DELAY CODE REGISTER'!$C$6:$C$49,MATCH(C37,'DELAY CODE REGISTER'!$B$6:$B$49,0)),"") | G37: =IF(AND(E37="",F37=""),"",N(E37)+N(F37)) | H37: =IFERROR(G37/'SETUP & TARGETS'!$C9,"") | I37: =IFERROR(INDEX('DELAY CODE REGISTER'!$E$6:$E$49,MATCH(C37,'DELAY CODE REGISTER'!$B$6:$B$49,0)),"")
D38: =IFERROR(INDEX('DELAY CODE REGISTER'!$C$6:$C$49,MATCH(C38,'DELAY CODE REGISTER'!$B$6:$B$49,0)),"") | G38: =IF(AND(E38="",F38=""),"",N(E38)+N(F38)) | H38: =IFERROR(G38/'SETUP & TARGETS'!$C9,"") | I38: =IFERROR(INDEX('DELAY CODE REGISTER'!$E$6:$E$49,MATCH(C38,'DELAY CODE REGISTER'!$B$6:$B$49,0)),"")
D39: =IFERROR(INDEX('DELAY CODE REGISTER'!$C$6:$C$49,MATCH(C39,'DELAY CODE REGISTER'!$B$6:$B$49,0)),"") | G39: =IF(AND(E39="",F39=""),"",N(E39)+N(F39)) | H39: =IFERROR(G39/'SETUP & TARGETS'!$C9,"") | I39: =IFERROR(INDEX('DELAY CODE REGISTER'!$E$6:$E$49,MATCH(C39,'DELAY CODE REGISTER'!$B$6:$B$49,0)),"")
D40: =IFERROR(INDEX('DELAY CODE REGISTER'!$C$6:$C$49,MATCH(C40,'DELAY CODE REGISTER'!$B$6:$B$49,0)),"") | G40: =IF(AND(E40="",F40=""),"",N(E40)+N(F40)) | H40: =IFERROR(G40/'SETUP & TARGETS'!$C9,"") | I40: =IFERROR(INDEX('DELAY CODE REGISTER'!$E$6:$E$49,MATCH(C40,'DELAY CODE REGISTER'!$B$6:$B$49,0)),"")
D41: =IFERROR(INDEX('DELAY CODE REGISTER'!$C$6:$C$49,MATCH(C41,'DELAY CODE REGISTER'!$B$6:$B$49,0)),"") | G41: =IF(AND(E41="",F41=""),"",N(E41)+N(F41)) | H41: =IFERROR(G41/'SETUP & TARGETS'!$C9,"") | I41: =IFERROR(INDEX('DELAY CODE REGISTER'!$E$6:$E$49,MATCH(C41,'DELAY CODE REGISTER'!$B$6:$B$49,0)),"")
D42: =IFERROR(INDEX('DELAY CODE REGISTER'!$C$6:$C$49,MATCH(C42,'DELAY CODE REGISTER'!$B$6:$B$49,0)),"") | G42: =IF(AND(E42="",F42=""),"",N(E42)+N(F42)) | H42: =IFERROR(G42/'SETUP & TARGETS'!$C9,"") | I42: =IFERROR(INDEX('DELAY CODE REGISTER'!$E$6:$E$49,MATCH(C42,'DELAY CODE REGISTER'!$B$6:$B$49,0)),"")
D43: =IFERROR(INDEX('DELAY CODE REGISTER'!$C$6:$C$49,MATCH(C43,'DELAY CODE REGISTER'!$B$6:$B$49,0)),"") | G43: =IF(AND(E43="",F43=""),"",N(E43)+N(F43)) | H43: =IFERROR(G43/'SETUP & TARGETS'!$C9,"") | I43: =IFERROR(INDEX('DELAY CODE REGISTER'!$E$6:$E$49,MATCH(C43,'DELAY CODE REGISTER'!$B$6:$B$49,0)),"")
D44: =IFERROR(INDEX('DELAY CODE REGISTER'!$C$6:$C$49,MATCH(C44,'DELAY CODE REGISTER'!$B$6:$B$49,0)),"") | G44: =IF(AND(E44="",F44=""),"",N(E44)+N(F44)) | H44: =IFERROR(G44/'SETUP & TARGETS'!$C9,"") | I44: =IFERROR(INDEX('DELAY CODE REGISTER'!$E$6:$E$49,MATCH(C44,'DELAY CODE REGISTER'!$B$6:$B$49,0)),"")
D45: =IFERROR(INDEX('DELAY CODE REGISTER'!$C$6:$C$49,MATCH(C45,'DELAY CODE REGISTER'!$B$6:$B$49,0)),"") | G45: =IF(AND(E45="",F45=""),"",N(E45)+N(F45)) | H45: =IFERROR(G45/'SETUP & TARGETS'!$C9,"") | I45: =IFERROR(INDEX('DELAY CODE REGISTER'!$E$6:$E$49,MATCH(C45,'DELAY CODE REGISTER'!$B$6:$B$49,0)),"")
D46: =IFERROR(INDEX('DELAY CODE REGISTER'!$C$6:$C$49,MATCH(C46,'DELAY CODE REGISTER'!$B$6:$B$49,0)),"") | G46: =IF(AND(E46="",F46=""),"",N(E46)+N(F46)) | H46: =IFERROR(G46/'SETUP & TARGETS'!$C9,"") | I46: =IFERROR(INDEX('DELAY CODE REGISTER'!$E$6:$E$49,MATCH(C46,'DELAY CODE REGISTER'!$B$6:$B$49,0)),"")
D47: =IFERROR(INDEX('DELAY CODE REGISTER'!$C$6:$C$49,MATCH(C47,'DELAY CODE REGISTER'!$B$6:$B$49,0)),"") | G47: =IF(AND(E47="",F47=""),"",N(E47)+N(F47)) | H47: =IFERROR(G47/'SETUP & TARGETS'!$C9,"") | I47: =IFERROR(INDEX('DELAY CODE REGISTER'!$E$6:$E$49,MATCH(C47,'DELAY CODE REGISTER'!$B$6:$B$49,0)),"")
D48: =IFERROR(INDEX('DELAY CODE REGISTER'!$C$6:$C$49,MATCH(C48,'DELAY CODE REGISTER'!$B$6:$B$49,0)),"") | G48: =IF(AND(E48="",F48=""),"",N(E48)+N(F48)) | H48: =IFERROR(G48/'SETUP & TARGETS'!$C9,"") | I48: =IFERROR(INDEX('DELAY CODE REGISTER'!$E$6:$E$49,MATCH(C48,'DELAY CODE REGISTER'!$B$6:$B$49,0)),"")
D49: =IFERROR(INDEX('DELAY CODE REGISTER'!$C$6:$C$49,MATCH(C49,'DELAY CODE REGISTER'!$B$6:$B$49,0)),"") | G49: =IF(AND(E49="",F49=""),"",N(E49)+N(F49)) | H49: =IFERROR(G49/'SETUP & TARGETS'!$C9,"") | I49: =IFERROR(INDEX('DELAY CODE REGISTER'!$E$6:$E$49,MATCH(C49,'DELAY CODE REGISTER'!$B$6:$B$49,0)),"")
D50: =IFERROR(INDEX('DELAY CODE REGISTER'!$C$6:$C$49,MATCH(C50,'DELAY CODE REGISTER'!$B$6:$B$49,0)),"") | G50: =IF(AND(E50="",F50=""),"",N(E50)+N(F50)) | H50: =IFERROR(G50/'SETUP & TARGETS'!$C9,"") | I50: =IFERROR(INDEX('DELAY CODE REGISTER'!$E$6:$E$49,MATCH(C50,'DELAY CODE REGISTER'!$B$6:$B$49,0)),"")
D51: =IFERROR(INDEX('DELAY CODE REGISTER'!$C$6:$C$49,MATCH(C51,'DELAY CODE REGISTER'!$B$6:$B$49,0)),"") | G51: =IF(AND(E51="",F51=""),"",N(E51)+N(F51)) | H51: =IFERROR(G51/'SETUP & TARGETS'!$C9,"") | I51: =IFERROR(INDEX('DELAY CODE REGISTER'!$E$6:$E$49,MATCH(C51,'DELAY CODE REGISTER'!$B$6:$B$49,0)),"")
D52: =IFERROR(INDEX('DELAY CODE REGISTER'!$C$6:$C$49,MATCH(C52,'DELAY CODE REGISTER'!$B$6:$B$49,0)),"") | G52: =IF(AND(E52="",F52=""),"",N(E52)+N(F52)) | H52: =IFERROR(G52/'SETUP & TARGETS'!$C9,"") | I52: =IFERROR(INDEX('DELAY CODE REGISTER'!$E$6:$E$49,MATCH(C52,'DELAY CODE REGISTER'!$B$6:$B$49,0)),"")
